DANH MỤC SẢN PHẨM,,,,,,,
Cột NHÓM SP nền vàng: chị có thể sửa để tổng hợp tồn theo nhóm mong muốn.,,,,,,,
,,,,,,,
MÃ HÀNG,TÊN HÀNG,ĐVT,NHÓM HÀNG GỢI Ý,TÍNH CHẤT GỐC,DẠNG HÀNG,NHÓM SP - PKD,GHI CHÚ
1.AMDUNSIEUTOC,Ấm đun siêu tốc,Cái,Khuyến mãi,Khuyến Mãi,KHÁC,Ấm đun siêu tốc,
1.AOMUA.VL,Áo mưa Vlife (cánh dơi),Cái,Khuyến mãi,Khuyến Mãi,KHÁC,Áo mưa,
1.BALO,Balo,Cái,Khuyến mãi,Khuyến Mãi,KHÁC,Balo,
1.BALOTT,Balo từ thiện,Cái,Khuyến mãi,Khuyến Mãi,KHÁC,Cốc VL,
1.BEPLAU,Bếp lẩu nướng,Cái,Khuyến mãi,Khuyến Mãi,KHÁC,Bếp lẩu,
1.BINH850ML.T,Bình giữ nhiệt màu trắng VL DA06W 850ml,Cái,Khuyến mãi,Khuyến Mãi,KHÁC,Bình giữ nhiệt trắng VL,
1.BINH850ML.XT,Bình giữ nhiệt màu xanh than VL DA06B 850ml,Cái,Khuyến mãi,Khuyến Mãi,KHÁC,Bình giữ nhiệt xanh VL,
1.NONLUOITRAI,Nón lưỡi trai Vlife,Cái,Khuyến mãi,Khuyến Mãi,KHÁC,Nón lưỡi trai Vlife,
1.NONTB,Nón Tai Bèo,Cái,Khuyến mãi,Khuyến Mãi,KHÁC,Nón Tai Bèo,
1.QUAT,Quạt Tuần hoàn Không Khí,Cái,Khuyến mãi,Khuyến Mãi,KHÁC,Quạt,
1.TACHTRA,Bộ tách trà,Bộ,Khuyến mãi,Khuyến Mãi,KHÁC,Bộ tách trà,
1.THAUVL,Thau rải phân,Cái,Khuyến mãi,Khuyến Mãi,KHÁC,Thau,
3.DONGPHUC.NUTHUN,Đồng phục áo thun nữ màu trắng Vlife,Cái,Khuyến mãi,Khuyến Mãi,KHÁC,đồng phục,
3.DONGPHUC.NUTHUNXANH,Đồng phục áo thun nữ màu xanh Vlife,Cái,Khuyến mãi,Khuyến Mãi,KHÁC,đồng phục,
3.DONGPHUC.SALETHUN,Đồng phục áo thun nam màu trắng Vlife,Cái,Khuyến mãi,Khuyến Mãi,KHÁC,Áo Thun ND,
3.DONGPHUC.SALETHUNXANH,Đồng phục áo thun nam màu xanh Vlife,Cái,Khuyến mãi,Khuyến Mãi,KHÁC,đồng phục,
3.DONGPHUC.VLTHUN,Áo Thun VL,Cái,Khuyến mãi,Khuyến Mãi,KHÁC,Áo Thun ND,
ZHF.K20.B.912HK,Phân chim biển (Organic Max Hàn Quốc) 20kg,kg,Hàng hóa,Hàn Quốc,HỮU CƠ,HC 912 TA,
ZHF.K20.B.KP.SILICHK,Phân bón trung lượng Silver Toad KP 20kg,kg,Hàng hóa,Hàn Quốc,HỮU CƠ,SILICATE Khánh phát,
ZHF.K20.B.MP.SILICHK,Phân bón trung lượng Silver Toad MP 20kg,kg,Hàng hóa,Hàn Quốc,HỮU CƠ,SILICATE MP,
ZHF.K20.B.TM.SILICHK,Phân bón trung lượng Silver Toad TM 20kg,kg,Hàng hóa,Hàn Quốc,HỮU CƠ,SILICATE Thiên Minh,
ZHF.K20.B.VGA.SILICHK,Phân bón trung lượng Silver Toad VGA 20kg,kg,Hàng hóa,Hàn Quốc,HỮU CƠ,SILICATE VGA,
ZHF.K20.B.VL.SILICHK,Phân bón trung lượng Silver Toad VL 20kg,kg,Hàng hóa,Hàn Quốc,HỮU CƠ,SILICATE VL,
ZHF.K25.B.PT30CHT,Phân bón Kacal 8386 (Potas 30 Cốm) Thổ bao 25kg,kg,Hàng hóa,Thổ,HỮU CƠ,POTAS 30 CỐM THỔ 8386,
ZHF.K25.B.PT30VHT,Phân bón Kacal -CSV (Potas 30 Viên) Thổ,kg,Hàng hóa,Thổ,NPK,POTAS 30 VIÊN THỔ 8386,
ZHP.G500.T.2121PT,Phân bón NPK 21.21.21 PLATI Bột Thổ túi 500Gr,kg,Hàng hóa,Thổ,BỘT,NHỎ GIỌT 212121,
ZHP.G500.T.3010PT,Phân bón NPK 30.10.10 PLATI bột Thổ túi 500Gr,kg,Hàng hóa,Thổ,BỘT,NHỎ GIỌT 301010 AWI,
ZHP.G500.T.630PT,Phân bón NPK 6.30.30 PLATI Bột Thổ túi 500Gr,kg,Hàng hóa,Thổ,BỘT,NHỎ GIỌT 63030 AWI,
ZHP.G500.T.9646PT,Phân bón NPK 9.6.46 PLATI bột Thổ Túi 500Gr,kg,Hàng hóa,Thổ,BỘT,NHỎ GIỌT 9646 AWI,
ZHP.K10.B.1527PK,Phân bón NPK 15.5.27 HQ 10kg,kg,Hàng hóa,Hàn Quốc,NPK,NHỎ GIỌT 15527 HQ,
ZHP.K15.B.1527PK,Phân bón NPK 15.5.27 HQ 15kg,kg,Hàng hóa,Hàn Quốc,NPK,NHỎ GIỌT 15527 HQ,
ZHP.K15.B.1717PK,Phân bón NPK 17.17.17 HQ15Kg,kg,Hàng hóa,Hàn Quốc,NPK,NHỎ GIỌT 171717,
ZHP.K1.T.1060NT,Phân bón NPK 10.60.10 NANO Bột 1kg,kg,Hàng hóa,NANO - Thổ,BỘT,NHỎ GIỌT 116111 1KG,
ZHP.K1.T.1330NT,Phân bón NPK 13.30.18 NANO 1kg,kg,Hàng hóa,NANO - Thổ,BỘT,NHỎ GIỌT 133018,
ZHP.K1.T.1830NT,Phân bón NPK 18.30.18 NANO Bột 1kg,kg,Hàng hóa,NANO - Thổ,BỘT,NHỎ GIỌT 183018,
ZHP.K1.T.2121PT,Phân bón NPK 21.21.21 PLATI Bột Thổ túi 1Kg,kg,Hàng hóa,Thổ,BỘT,NHỎ GIỌT 212121,
ZHP.K1.T.3010PT,Phân bón NPK 30.10.10 PLATI Bột Thổ túi 1kg,kg,Hàng hóa,Thổ,BỘT,NHỎ GIỌT 301010 AWI,
ZHP.K1.T.630NT,Phân bón NPK 6.30.30 NANO Bột 1kg,kg,Hàng hóa,NANO - Thổ,BỘT,NHỎ GIỌT 63030,
ZHP.K1.T.630PT,Phân bón NPK 6.30.30 PLATI Bột Thổ túi 1Kg,kg,Hàng hóa,Thổ,BỘT,NHỎ GIỌT 63030 AWI,
ZHP.K1.T.9646NT,Phân bón NPK 9.6.46 NANO 1kg,kg,Hàng hóa,NANO - Thổ,BỘT,NHỎ GIỌT 9646,
ZHP.K1.T.9646PT,Phân bón NPK 9.6.46 PLATI bột Thổ Túi 1Kg,kg,Hàng hóa,Thổ,BỘT,NHỎ GIỌT 9646 AWI,
ZHP.K1.T.HMPT,Phân bón BIO-HUMAT túi 1kg,kg,Hàng hóa,Thổ,BỘT,HUMAT,
ZHP.K25.B.1055IY,Phân bón NPK 10.55.10 bột Ý bao 25 kg,kg,Hàng hóa,Bột Ý,BỘT,NHỎ GIỌT 105510 Ý,
ZHP.K25.B.1060NT,Phân bón NPK 10.60.10 NANO Bột Thổ bao 25kg,kg,Hàng hóa,NANO - Thổ,BỘT,NHỎ GIỌT 116111 25KG,
ZHP.K25.B.1060PT,Phân bón NPK 10.60.10 PLATI Bột Thổ bao 25kg,kg,Hàng hóa,Thổ - Plati,BỘT,NHỎ GIỌT 106010,
ZHP.K25.B.1161NT,Phân bón NPK 11.61.11 NANO Bột Thổ bao 25kg,kg,Hàng hóa,NANO - Thổ,BỘT,NHỎ GIỌT 116111 25KG,
ZHP.K25.B.1919DT,Phân bón NPK 19.19.19 DMPP Bột Thổ bao 25kg,kg,Hàng hóa,Thổ - DMPP,BỘT,NHỎ GIỌT 191919 DMPP,
ZHP.K25.B.2121DT,Phân bón NPK 21.21.21 DMPP Bột 25kg,kg,Hàng hóa,Thổ - DMPP,BỘT,NHỎ GIỌT 212121 DMPP,
ZHP.K25.B.2121IY,Phân bón NPK 21.21.21 bột Ý bao 25kg,kg,Hàng hóa,Bột Ý,BỘT,NHỎ GIỌT 212121 Ý,
ZHP.K25.B.2121PT,Phân bón NPK 21.21.21 PLATI Bột Thổ bao 25kg,kg,Hàng hóa,Thổ - Plati,BỘT,NHỎ GIỌT 212121,
ZHP.K25.B.3010DT,Phân bón NPK 30.10.10 DMPP Bột Thổ bao 25kg,kg,Hàng hóa,Thổ - DMPP,BỘT,NHỎ GIỌT 301010 DMPP,
ZHP.K25.B.3010IY,Phân bón NPK 30.10.10 Bột Ý bao 25Kg,kg,Hàng hóa,Bột Ý,BỘT,NHỎ GIỌT 301010 Ý,
ZHP.K25.B.3010NT,Phân bón NPK 30.10.10 NANO bột Thổ bao 25kg,kg,Hàng hóa,NANO - Thổ,BỘT,NHỎ GIỌT 301010 NANO,
ZHP.K25.B.3010PT,Phân bón NPK 30.10.10 PLATI bột Thổ bao 25Kg,kg,Hàng hóa,Thổ - Plati,BỘT,NHỎ GIỌT 301010,
ZHP.K25.B.630DT,Phân bón NPK 6.30.30 DMPP Bột Thổ bao 25kg,kg,Hàng hóa,Thổ - DMPP,BỘT,NHỎ GIỌT 63030 DMPP,
ZHP.K25.B.630IY,Phân bón NPK 6.30.30 bột Ý bao 25kg,kg,Hàng hóa,Bột Ý,BỘT,NHỎ GIỌT 63030 Ý,
ZHP.K25.B.630NT,Phân bón NPK 6.30.30 NANO Bột Thổ bao 25kg,kg,Hàng hóa,NANO - Thổ,BỘT,NHỎ GIỌT 63030,
ZHP.K25.B.630PT,Phân bón NPK 6.30.30 PLATI Bột Thổ bao 25kg,kg,Hàng hóa,Bột Plati,BỘT,NHỎ GIỌT 63030,
ZHP.K25.B.9646IY,Phân bón NPK 9.6.46 bột Ý bao 25kg,kg,Hàng hóa,Bột Ý,BỘT,NHỎ GIỌT 9646 Ý,
ZHP.K25.B.9646PT,Phân bón NPK 9.6.46 PLATI bột Thổ bao 25kg,kg,Hàng hóa,Bột Plati,BỘT,NHỎ GIỌT 9646,
ZHP.K25.B.W.1919PA,Phân bón NPK 19.19.19 PLATI Bột 25Kg bao trắng,kg,Hàng hóa,Ấn -Plati,BỘT,NHỎ GIỌT 191919,
ZHPZ.K25.B.CBBRL,Phân bón trung vi lượng Combi crop Bột Thái bao 25kg,kg,Hàng hóa,Thái - Bột,BỘT,COMBI THÁI,
ZHPZ.K25.B.CBCRT,Phân bón trung vi lượng Combi crop Cốm Thổ bao 25kg,kg,Hàng hóa,Thổ - Cốm,BỘT,COMBI CỐM,
ZHPZ.K25.B.ZNRT,Phân vi lượng ZNMN 25kg ( kẽm manga),kg,Hàng hóa,Thổ,BỘT,KẼM ZNMN,
ZL.L10.X.666W1LT,Phân bón Money Fish Agtime NPK 666 (Can tưới 6-6-6 ) xô nhựa 10L,Lít,Hàng hóa,Thổ - AWI,LỎNG,BL 666 xô nhựa 10L,
ZL.L10.X.666WLT,Phân bón Money Fish Agtime NPK 666 (Can tưới 6-6-6 ) xô thiếc 10L,Lít,Hàng hóa,Thổ - AWI,LỎNG,BL 666 xô thiếc 10L,
ZL.L1.C.445LY,LUSTR 445,Lít,Hàng hóa,Bảo quản nông sản,LỎNG,LUSTR 445,
ZL.L1.C.651LY,LUSTR 651 1 lít,Lít,Hàng hóa,Bảo quản nông sản,LỎNG,LUSTR 651,
ZL.L1.C.666WLT,Phân bón Money Fish Agtime NPK 666 (Can tưới 6-6-6 ) 1L,Lít,Hàng hóa,Thổ - AWI,LỎNG,BL 666 1L,
ZL.L1.C.AMIFLT,Phân bón AMINOMAX (TF) 1L,Lít,Hàng hóa,Thổ - Turkfer,LỎNG,Amino45 TF 1L,
ZL.L1.C.AMIULT,Phân bón AMINOMAX (UNI) 1L,Lít,Hàng hóa,Thổ - Unikey,LỎNG,Amino45 1L,
ZL.L1.C.CK1ULT,Phân bón Crack Win (UNI) nhãn Teratek 1L,Lít,Hàng hóa,Thổ - Unikey,LỎNG,CRACK WIN THỔ 1L,
ZL.L1.C.CSVFLT,Phân bón Bio CSV (TF) 1L,Lít,Hàng hóa,Thổ - Turkfer,LỎNG,BIO CSV - TF 1L,
ZL.L1.C.CSVPULT,Phân bón Bio CSV 1L Tím (UNI),Lít,Hàng hóa,Thổ - Unikey,LỎNG,BIO CSV 1L,
ZL.L1.C.CSVULT,Phân bón Bio CSV (UNI) 1L,Lít,Hàng hóa,Thổ - Unikey,LỎNG,BIO CSV 1L,
ZL.L1.C.CTLY,Citrashine 1 lít,Lít,Hàng hóa,Bảo quản nông sản,LỎNG,Citrashine,
ZL.L1.C.DKFULT,Phân bón Key Fosfit  xanh DD (UNI) 1L,Lít,Hàng hóa,Thổ - Unikey,LỎNG,KEY FOSFIT KD 1L,
ZL.L1.C.FLFLT,Phân bón Nano Flora (TF) 1L,Lít,Hàng hóa,Thổ - Turkfer,LỎNG,FLORA - TF 1L,
ZL.L1.C.FLULT,Phân bón Nano Flora (UNI) 1L,Lít,Hàng hóa,Thổ - Unikey,LỎNG,FLORA 1L,
ZL.L1.C.HCULT,Phân bón BioHumic (UNI) 1L,Lít,Hàng hóa,Thổ - Unikey,LỎNG,HUMIC 1L,
ZL.L1.C.KF1ULT,Phân bón Key Fosfit trắng KK (UNI) 1L,Lít,Hàng hóa,Thổ - Unikey,LỎNG,KEY FOSFIT KK 1L,
ZL.L1.C.KFFLT,Phân bón Key Fosfit trắng KK (TF) 1L,Lít,Hàng hóa,Thổ - Turkfer,LỎNG,KEY FOSFIT KK - TF 1L,
ZL.L1.C.KSL1LK,Phân bón Kali Silic ( nhãn Sikamax) 1L,Lít,Hàng hóa,Hàn Quốc,LỎNG,KALI SILIC 1L,
ZL.L1.C.NCULT,Phân bón NICAL (UNI) 1L,Lít,Hàng hóa,Thổ - Unikey,LỎNG,NICAL 1L,
ZL.L1.C.RFLT,Phân bón Bio Nanoroot (TF) 1L,Lít,Hàng hóa,Thổ - Turkfer,LỎNG,ROOT - TF 1L,
ZL.L1.C.RULT,Phân bón Bio Nanoroot (UNI) 1L,Lít,Hàng hóa,Thổ - Unikey,LỎNG,ROOT 1L,
ZL.L20.C1.CLRULT,Phân bón ORGANIC 25 (COLORISE),Lít,Hàng hóa,Thổ - Unikey,LỎNG,Bón Lá,
ZL.L5.C1.666WLT,Phân bón Money Fish Agtime NPK 666 (Can tưới 6-6-6 ) 5L,Lít,Hàng hóa,Thổ - AWI,LỎNG,BL 666 5L,
ZL.L5.C1.AMIULT,Phân bón AMINOMAX (UNI) 5L,Lít,Hàng hóa,Thổ - Unikey,LỎNG,Amino45 5L,
ZL.L5.C1.CSVFLT,Phân bón Bio CSV (TF) 5L,Lít,Hàng hóa,Thổ - Turkfer,LỎNG,BIO CSV - TF 5L,
ZL.L5.C1.CSVULT,Phân bón Bio CSV (UNI) 5L,Lít,Hàng hóa,Thổ - Unikey,LỎNG,BIO CSV 5L,
ZL.L5.C1.HCFLT,Phân bón BioHumic (TF) 5L,Lít,Hàng hóa,Thổ - Turkfer,LỎNG,HUMIC - TF 5L,
ZL.L5.C1.HCULT,Phân bón BioHumic (UNI) 5L,Lít,Hàng hóa,Thổ - Unikey,LỎNG,HUMIC 5L,
ZL.L5.C1.NCULT,Phân bón NICAL (UNI) 5L,Lít,Hàng hóa,Thổ - Unikey,LỎNG,NICAL 5L,
ZL.L5.C1.RFLT,Phân bón Bio Nanoroot (TF) 5L,Lít,Hàng hóa,Thổ - Turkfer,LỎNG,ROOT - TF 5L,
ZL.L5.C1.RULT,Phân bón Bio Nanoroot (UNI) 5L,Lít,Hàng hóa,Thổ - Unikey,LỎNG,ROOT 5L,
ZL.L5.X.KFFLT,Phân bón Key Fosfit (TF) nhãn KEYFOS 650 xô 5L,Lít,Hàng hóa,Thổ - Turkfer,LỎNG,KEY FOSFIT KK 5L,
ZL.M250.C.AMIFLT,Phân bón AMINOMAX (TF) 250ml,Lít,Hàng hóa,Thổ - Turkfer,LỎNG,Amino45 250ML,
ZL.M250.C.AMIULT,Phân bón AMINOMAX (UNI) 250ml,Lít,Hàng hóa,Thổ - Unikey,LỎNG,Amino45 250ML,
ZL.M250.C.CKFLT,Phân bón Crack Win Plus (TF) nhãn Canibok 250ml,Lít,Hàng hóa,Thổ - Turkfer,LỎNG,CRACK WIN THỔ PLUS - TF 250ML,
ZL.M250.C.CKP1FLT,Phân bón Crack Win Plus (TF) nhãn Amino Cal-B 250ml,Lít,Hàng hóa,Thổ - Turkfer,LỎNG,CRACK WIN THỔ PLUS - TF 250ML,
ZL.M250.C.CKULT,Phân bón Crack Win (UNI) 250ml,Lít,Hàng hóa,Thổ - Unikey,LỎNG,CRACK WIN THỔ 250ML,
ZL.M250.C.CSVFLT,Phân bón Bio CSV (TF) 250ml,Lít,Hàng hóa,Thổ - Turkfer,LỎNG,BIO CSV - TF 250ML,
ZL.M250.C.FLFLT,Phân bón Nano Flora (TF) 250ml,Lít,Hàng hóa,Thổ - Turkfer,LỎNG,FLORA - TF 250ML,
ZL.M250.C.FLULT,Phân bón Nano Flora (UNI) 250ml,Lít,Hàng hóa,Thổ - Unikey,LỎNG,FLORA 250ML,
ZL.M250.C.HCFLT,Phân bón BioHumic Trắng (TF) 250ml,Lít,Hàng hóa,Thổ - Turkfer,LỎNG,HUMIC - TF 250ML,
ZL.M250.C.KFFLT,Phân bón Key Fosfit trắng KK (TF) 250ml,Lít,Hàng hóa,Thổ - Turkfer,LỎNG,KEY FOSFIT KK - TF 250ML,
ZL.M250.C.NC1FLT,Phân bón NICAL (TF) nhãn Canxi Nitrat 250ML,Lít,Hàng hóa,Thổ - Turkfer,LỎNG,NICAL PLUS - TF 250ML,
ZL.M250.C.NCFLT,Phân bón NICAL (TF) nhãn đỏ 250ML,Lít,Hàng hóa,Thổ - Turkfer,LỎNG,NICAL PLUS - TF 250ML,
ZL.M250.C.RULT,Phân bón Bio Nanoroot (UNI) 250ml,Lít,Hàng hóa,Thổ - Unikey,LỎNG,ROOT 250ML,
ZL.M500.C.666WLT,Phân bón Money Fish Agtime NPK 666 (Can tưới 6-6-6 ) 500ml,Lít,Hàng hóa,Thổ - AWI,LỎNG,BL 666 500ML,
ZL.M500.C.AMIFLT,Phân bón AMINOMAX (TF) 500ml,Lít,Hàng hóa,Thổ - Turkfer,LỎNG,Amino45 - TF 500ML,
ZL.M500.C.CKFLT,Phân bón Crack Win Plus (TF) 500ml,Lít,Hàng hóa,Thổ - Turkfer,LỎNG,CRACK WIN THỔ PLUS - TF 500ML,
ZL.M500.C.CKLK,Phân bón Crack Win (HQ) 500ml,Lít,Hàng hóa,Hàn Quốc,LỎNG,CRACK WIN HQ 500ML,
ZL.M500.C.CKULT,Phân bón Crack Win (UNI) 500ml,Lít,Hàng hóa,Thổ - Unikey,LỎNG,CRACK WIN THỔ 500ML,
ZL.M500.C.CSVFLT,Phân bón Bio CSV trắng (TF) 500ML,Lít,Hàng hóa,Thổ - Turkfer,LỎNG,BIO CSV - TF 500ML,
ZL.M500.C.CSVLD,Phân bón Bio CSV Trắng 500ml -Đức nhãn Amino,Lít,Hàng hóa,Đức,LỎNG,AMINO ĐỨC 500ML,
ZL.M500.C.FLFLT,Phân bón Nano Flora (TF) 500ml,Lít,Hàng hóa,Thổ - Turkfer,LỎNG,FLORA - TF 500ML,
ZL.M500.C.HCFLT,Phân bón BioHumic Trắng (TF) 500ml,Lít,Hàng hóa,Thổ - Turkfer,LỎNG,HUMIC - TF 500ML,
ZL.M500.C.HCLD,Phân bón BioHumic Trắng 500ml-Đức nhãn Root,Lít,Hàng hóa,Đức,LỎNG,ROOT ĐỨC 500ML,
ZL.M500.C.HCULT,Phân bón BioHumic Trắng (UNI) 500ml,Lít,Hàng hóa,Thổ - Unikey,LỎNG,HUMIC 500ML,
ZL.M500.C.KFFLT,Phân bón Key Fosfit trắng KK (TF) 500ml,Lít,Hàng hóa,Thổ - Turkfer,LỎNG,KEY FOSFIT KK 500ML,
ZL.M500.C.KSL1LK,Phân bón Kali Silic nhãn Korea 500ml,Lít,Hàng hóa,Hàn Quốc,LỎNG,KALI SILIC 500ML,
ZL.M500.C.KSL2LK,Phân bón Kali Silic nhãn NP 500ml,Lít,Hàng hóa,Hàn Quốc,LỎNG,KALI SILIC 500ML,
ZL.M500.C.KSLLK,Phân bón Kali Silic nhãn English 500ml,Lít,Hàng hóa,Hàn Quốc,LỎNG,KALI SILIC 500ML,
ZL.M500.C.NCFLT,Phân bón NICAL PLUS (TF) 500ML,Lít,Hàng hóa,Thổ - Turkfer,LỎNG,NICAL PLUS - TF 500ML,
ZL.M500.C.NCULT,Phân bón NICAL (UNI) 500ML,Lít,Hàng hóa,Thổ - Unikey,LỎNG,NICAL 500ML,
ZL.M500.C.RFLT,Phân bón Bio Nanoroot (TF) 500ml,Lít,Hàng hóa,Thổ - Turkfer,LỎNG,ROOT - TF 500ML,
ZL.M500.C.W.RULT,Phân bón Bio Nanoroot Trắng (UNI) 500ml,Lít,Hàng hóa,Thổ - Unikey,LỎNG,ROOT 500ML,
ZSMH.K25.B.1217ZSSR,Phân bón NPK 12.12.17 K2SO4 Zin HL Serbia bao 25kg,kg,Hàng hóa,Châu Âu,NPK,NPK 121217 ZIN CA,
ZSMH.K25.B.1515ZSR,Phân bón NPK 15.15.15 Zin HL Serbia bao 25kg,kg,Hàng hóa,Châu Âu,NPK,NPK 151515 Zin CA MOP,
ZSMH.K25.B.1515ZSSR,Phân bón NPK 15.15.15 K2SO4 Zin HL Serbia bao 25kg,kg,Hàng hóa,Châu Âu,NPK,NPK 151515 Zin CA SOP,
ZSMH.K25.B.CXSC,Phân bón Canxibo Nitrat Zin hạt vàng bao 25Kg,kg,Hàng hóa,Trung Quốc,NPK,CANXIBO NITRAT,
ZSMH.K25.B.CXSS,Phân bón Canxibo Nitrat Zin CH Séc bao 25Kg,kg,Hàng hóa,Châu Âu,NPK,CANXIBO NITRAT CZ,
ZSMH.K25.B.MKPSB,Phân bón MKP bao 25 Ký,kg,Hàng hóa,Bột,BỘT,MKP,
ZSMH.K25.B.PT30VSP,Phân bón Kacal -CSV (Potas 30 Viên) Ba Lan,kg,Hàng hóa,Ba Lan,NPK,POTAS 30 VIÊN BA LAN,
ZSMH.K25.B.PT50BSI,Phân bón Potas Bột 50  Indonesia,kg,Hàng hóa,Indonesia,BỘT,POTAS 50INDO,
ZSMH.K25.B.W.PT50BSI,Phân bón Potas Bột 50  Indonesia bao trắng Vlife 25Kg,kg,Hàng hóa,Indonesia,BỘT,POTAS 50INDO,
ZSMO.K15.B.70SJ,Phân bón hữu cơ 70OM Nhật bao Zin 15kg,kg,Hàng hóa,Nhật,HỮU CƠ,HC NHẬT VIÊN ZIN 15kg,
ZSMO.K20.B.F1.90SK,Phân bón hữu cơ 90OM Zin hàn quốc Trang Trại Đạm Cá,kg,Hàng hóa,Hàn Quốc,HỮU CƠ,HC 90 Trang Trại,
ZSMO.K20.B.F2.90SK,Phân bón hữu cơ 90OM Zin hàn quốc Trái cây Đạm Cá,kg,Hàng hóa,Hàn Quốc,HỮU CƠ,HC 90 TRÁI CÂY,
ZSMO.K20.B.F4.90SK,Phân bón hữu cơ 90OM Zin hàn quốc Đại Bàng Đạm Cá,kg,Hàng hóa,Hàn Quốc,HỮU CƠ,HC 90 Đại Bàng,
ZSMO.K20.B.F5.90SK,Phân bón hữu cơ 90OM Zin hàn quốc Cô Gái Đạm Cá,kg,Hàng hóa,Hàn Quốc,HỮU CƠ,HC 90 Cô Gái,
ZSMO.K20.B.F7.90SK,Phân bón hữu cơ 90OM Zin hàn quốc Agropest Đạm Cá,kg,Hàng hóa,Hàn Quốc,HỮU CƠ,HC 88 HQ,
ZSMO.K20.B.F8.90SK,Phân bón hữu cơ 90OM Zin hàn quốc Fish Đạm Cá,kg,Hàng hóa,Hàn Quốc,HỮU CƠ,HC 90 FISH,
ZSMO.K25.B.523SB,Phân bón hữu cơ Ozeri NPK 5.2.3Zin,kg,Hàng hóa,Châu Âu,HỮU CƠ,HC 523 ZIN,
ZSMO.K25.B.70SJ,Phân bón hữu cơ 70OM Nhật bao Zin 25kg,kg,Hàng hóa,Nhật,HỮU CƠ,HC NHẬT VIÊN ZIN 25kg,
ZSMO.K25.B.80SB,Phân bón hữu cơ 80OM Zin,kg,Hàng hóa,Châu Âu,HỮU CƠ,HC 80 ZIN,
ZSMO.K25.B.82SB,Phân bón hữu cơ 82OM Bỉ ZIN Nội Tạng bao Comgoed,kg,Hàng hóa,Châu Âu,HỮU CƠ,HC 82 ZIN BỈ XANH,
ZSMO.K25.B.86SH,Phân bón hữu cơ 86OM Zin Hà Lan,kg,Hàng hóa,Châu Âu,HỮU CƠ,HC 86 ZIN HL,
ZSMO.K25.B.D.82SB,Phân bón hữu cơ 82OM Bỉ ZIN Nội Tạng bao đỏ,kg,Hàng hóa,Châu Âu,HỮU CƠ,HC 82 ZIN BỈ ĐỎ,
ZSMO.K25.B.F3.90SK,Phân bón hữu cơ 90OM Zin hàn quốc Butterfly Đạm Cá,kg,Hàng hóa,Hàn Quốc,HỮU CƠ,HC 90 BƯỚM,
ZSMO.K25.B.F6.90SK,Phân bón hữu cơ 90OM Zin hàn quốc Sư Tử Đạm Cá,kg,Hàng hóa,Hàn Quốc,HỮU CƠ,HC 90 Sư Tử,
ZSMO.K25.B.XL.88SB,Phân bón hữu cơ 88OM Bỉ ZIN Nội Tạng bao xanh lá,kg,Hàng hóa,Châu Âu,HỮU CƠ,HC 88 ZIN BỈ XANH,
SMH.K10.B.1330PRSC,Phân bón NPK 13.30.18 PREME Bột,kg,Nguyên liệu,Bột Preme,BỘT,NHỎ GIỌT 183018,
SMH.K10.B.155GSC,Nguyên Liệu NPK 15.5.25+TE,kg,Nguyên liệu,Tím,NPK,NPK 15525 TÍM,
SMH.K10.B.1830PRSC,Phân bón NPK 18.30.18 PREME Bột,kg,Nguyên liệu,Bột Preme,BỘT,NHỎ GIỌT 183018,
SMH.K10.B.1919FSC,Nguyên liệu NPK 19.19.19 Fulvic KCL,kg,Nguyên liệu,Fulvic - MOP,NPK,NPK 191919 FULVIC MOP,
SMH.K10.B.1919GSC,Nguyên Liệu NPK 19.19.19+TE,kg,Nguyên liệu,Xanh,NPK,NPK 191919 XANH,
SMH.K10.B.1919PRSC,Phân bón NPK 19.19.19 PREME Bột,kg,Nguyên liệu,Bột Preme,NPK,PREME NHỎ GIỌT 191919,
SMH.K10.B.2010GSSC,Nguyên liệu 20.10.10+TE K2SO4 Xanh,kg,Nguyên liệu,Xanh,NPK,NPK 2010 SOP XANH,
SMH.K10.B.2015GSC,Nguyên Liệu NPK 20.20.15+TE,kg,Nguyên liệu,Xanh,NPK,NPK 202015 XANH,
SMH.K10.B.2121PRSC,Phân bón NPK 21.21.21 PREME Bột,kg,Nguyên liệu,Bột,BỘT,NHỎ GIỌT 212121,
SMH.K10.B.630PRSC,Phân bón NPK 6.30.30 PREME Bột,kg,Nguyên liệu,Bột Preme,BỘT,PREME NHỎ GIỌT 63030,
SMH.K10.B.C95.3010BPRVSC,Nguyên Liệu NPK 30.10.10+TE chuẩn 95,kg,Nguyên liệu,Xanh,NPK,NPK 301010 XANH,
SMH.K10.B.T100.1515WSTSC,Nguyên liệu 15.15.15  K2SO4 Trắng tan 100%,kg,Nguyên liệu,Trắng,NPK,NPK 151515 SOP TRẮNG TAN,
SMH.K10.B.T100.155PTSC,Nguyên Liệu NPK 15.5.25+TE tan 100%,kg,Nguyên liệu,Tím,NPK,NPK 15525 TÍM TAN,
SMH.K10.B.T100.3010BTSC,Nguyên Liệu NPK 30.10.10 chuẩn 95 tan 100%,kg,Nguyên liệu,Xanh,NPK,NPK 301010 XANH TAN,
SMH.K25.B.1217SN,Phân bón SGX NPK 12.12.17 Xanh Nga,kg,Nguyên liệu,Trắng,NPK,NPK 121217 NGA,
SMH.K25.B.1324SN,Phân bón SGX NPK 13.13.24 Nga,kg,Nguyên liệu,Xanh,NPK,NPK 131324 Nga,
SMH.K25.B.1616WSN,Phân bón SGX NPK 16.16.16 Trắng Nga bao 25Kg,kg,Nguyên liệu,Trắng,NPK,NPK 161616 NGA TRẮNG,
SMH.K25.B.PT50VSD,Phân bón Potas Viên 50 Đức,kg,Nguyên liệu,Đức - Viên,NPK,POTAS ĐỨC VIÊN,
SMH.K50.B.1515SN,Phân bón SGX NPK 15.15.15 Nâu hồng Nga Bao 50kg,kg,Nguyên liệu,Nâu hồng,NPK,NPK 151515 Nga Nâu Hồng,
SMH.K50.B.168SN,Phân bón NPK 16.16.8 Nâu hồng Nga bao 50Kg,kg,Nguyên liệu,Nâu hồng,NPK,NPK 16168 Nga,
SMH.T1.B.1217WSN,Phân bón SGX NPK 12.12.17 Trắng Nga,kg,Nguyên liệu,Xanh,NPK,NPK 121217 NGA TRẮNG,
SMH.T1.B.1515SN,Phân bón SGX NPK 15.15.15 Nâu Nga,kg,Nguyên liệu,Nâu,NPK,NPK 151515 Nga Nâu Hồng,
SMH.T1.B.168SN,Phân bón SGX NPK 16.16.8 Nâu Nga,kg,Nguyên liệu,Nâu hồng,NPK,NPK 16168 Nga,
SMO.K1200.B.523SH,Nguyên Liệu hữu cơ Ozeri 5.2.3+65OM,kg,Nguyên liệu,Châu Âu,HỮU CƠ,HC 523,
SMO.K1200.B.80SB,Nguyên Liệu Phân bón hữu cơ CSV 80OM Bỉ,kg,Nguyên liệu,Châu Âu,HỮU CƠ,HC 80,
SMO.K1200.B.80SE,Nguyên liệu phân bón hữu cơ 80OM Anh,kg,Nguyên liệu,Hữu cơ Anh,HỮU CƠ,HC 80 Anh,
SMO.K1200.B.O.666SH,Phân bón hữu cơ Organo NPK 6.6.6+66OM,kg,Nguyên liệu,Hữu cơ,HỮU CƠ,HC Khoáng 666,
HF.K1.T.912FHK,Phân bón organic max 9.1.2 hộp 1kg,kg,Thành phẩm,Hàn Quốc,HỮU CƠ,HC 912 ,
HF.K20.X.SILICXHK,Phân bón trung lượng Silver Toad Xô 20kg,kg,Thành phẩm,Hàn Quốc,HỮU CƠ,SILICATE XÔ 20KG,
HF.K25.B.666HH,Phân bón hữu cơ khoáng 6.6.6 25kg,kg,Thành phẩm,ZIN,HỮU CƠ,HC Khoáng 666,
HPC.G100.H.CBCRT,Phân bón Trung vi lượng Cốm SEMI Hũ 100gr,kg,Thành phẩm,Thổ - Cốm,BỘT,COMBI CỐM,
HPC.G250.T.CBCRT,Combi crop Cốm túi 250gr,kg,Thành phẩm,Thổ - Cốm,BỘT,COMBI CỐM,
HPC.G25.H.CBCRT,Phân bón Trung vi lượng Combi Cốm Hũ 25gr,kg,Thành phẩm,Thổ - Cốm,BỘT,COMBI CỐM,
HPC.G2.5.T.CBCRT,Combi crop Cốm túi 2.5gr,kg,Thành phẩm,Thổ - Cốm,BỘT,COMBI CỐM,
HPC.G25.T.CBCRT,Combi crop Cốm túi 25gr,kg,Thành phẩm,Thổ - Cốm,BỘT,COMBI CỐM,
HPC.G40.H.CBCRT,Phân bón Trung vi lượng Combi Cốm Hũ 40gr,kg,Thành phẩm,Thổ - Cốm,BỘT,COMBI CỐM,
HPC.G50.H.CBCRT,Phân bón Trung vi lượng Combi Cốm Hũ 50gr,kg,Thành phẩm,Thổ - Cốm,BỘT,COMBI CỐM,
HPC.K1.T.CBBRL,Phân bón Trung vi lượng Combi Bột túi 1kg,kg,Thành phẩm,Thái - Bột,BỘT,COMBI BỘT,
HPC.K1.T.CBCRT,Phân bón Trung vi lượng Combi Cốm túi 1kg,kg,Thành phẩm,Thổ - Cốm,BỘT,COMBI CỐM,
HP.G100.H.2121IY,Phân bón NPK 21.21.21 Bột Ý Hũ 100Gr,kg,Thành phẩm,Bột ý,BỘT,NHỎ GIỌT 212121 Ý,
HP.G100.T.1055IY,Phân bón NPK 10.55.10 Bột Ý túi 100Gr,kg,Thành phẩm,Bột Ý,BỘT,NHỎ GIỌT 105510 Ý,
HP.G100.T.1060PT,Phân bón NPK 10.60.10 PLATI Bột túi 100gr,kg,Thành phẩm,Bột Plati,BỘT,NHỎ GIỌT 106010,
HP.G100.T.1919PA,Phân bón NPK 19.19.19 PLATI Bột túi 100gr,kg,Thành phẩm,Bột Plati,BỘT,NHỎ GIỌT 191919,
HP.G100.T.2121IY,Phân bón NPK 21.21.21 Bột Ý túi 100Gr,kg,Thành phẩm,Bột Ý,BỘT,NHỎ GIỌT 212121 Ý,
HP.G100.T.2121PT,Phân bón NPK 21.21.21 PLATI  Bột túi 100gr,kg,Thành phẩm,Bột Plati,BỘT,NHỎ GIỌT 212121,
HP.G100.T.3010IY,Phân bón NPK 30.10.10 Bột Ý túi 100Gr,kg,Thành phẩm,Bột Ý,BỘT,NHỎ GIỌT 301010 Ý,
HP.G100.T.3010PT,Phân bón NPK 30.10.10 PLATI Bột túi 100gr,kg,Thành phẩm,Bột Plati,BỘT,NHỎ GIỌT 301010,
HP.G100.T.630PT,Phân bón NPK 6.30.30 PLATI Bột túi 100gr,kg,Thành phẩm,Bột Plati,BỘT,NHỎ GIỌT 63030,
HP.G100.T.9646PT,Phân bón NPK 9.6.46 PLATI Bột túi 100gr,kg,Thành phẩm,Bột Plati,BỘT,NHỎ GIỌT 9646,
HP.G100.T.PT50BPA,Phân bón Kali Sulphat CSV Potas 50 túi 100gr,kg,Thành phẩm,Bột,BỘT,POTAS ĐỨC BỘT,
HP.G250.T.1060PT,Phân bón NPK 10.60.10 PLATI Bột túi 250gr,kg,Thành phẩm,Bột Plati,BỘT,NHỎ GIỌT 106010,
HP.G250.T.1919PA,Phân bón NPK 19.19.19 PLATI Bột túi 250gr,kg,Thành phẩm,Bột Plati,BỘT,NHỎ GIỌT 191919,
HP.G250.T.3010NT,Phân bón NPK 30.10.10 NANO Túi 250gr,kg,Thành phẩm,NANO - Thổ,BỘT,NHỎ GIỌT 301010 NANO,
HP.G250.T.3010PT,Phân bón NPK 30.10.10 PLATI Bột túi 250gr,kg,Thành phẩm,Bột Plati,BỘT,NHỎ GIỌT 301010,
HP.G250.T.630PT,Phân bón NPK 6.30.30 PLATI Bột túi 250gr,kg,Thành phẩm,Bột Plati,BỘT,NHỎ GIỌT 63030,
HP.G250.T.9646PT,Phân bón NPK 9.6.46 PLATI Túi 250gr,kg,Thành phẩm,Bột Plati,BỘT,NHỎ GIỌT 9646,
HP.G500.H.1055IY,Phân bón NPK 10.55.10 Bột Ý Hũ 500Gr,kg,Thành phẩm,Bột Ý,BỘT,NHỎ GIỌT 105510 Ý,
HP.G500.H.1060PT,Phân bón NPK 10.60.10 PLATI Hũ 500Gr,kg,Thành phẩm,Bột Plati,BỘT,NHỎ GIỌT 106010,
HP.G500.H.2121IY,Phân bón NPK 21.21.21 Bột Ý Hũ 500Gr,kg,Thành phẩm,Bột Ý,BỘT,NHỎ GIỌT 212121 Ý,
HP.G500.H.2121PT,Phân bón NPK 21.21.21 PLATI Hũ 500Gr,kg,Thành phẩm,Bột Plati,BỘT,NHỎ GIỌT 212121,
HP.G500.H.3010IY,Phân bón NPK 30.10.10 Bột Ý Hũ 500Gr,kg,Thành phẩm,Bột Ý,BỘT,NHỎ GIỌT 301010 Ý,
HP.G500.H.3010NT,Phân bón NPK 30.10.10 NANO Hũ 500Gr,kg,Thành phẩm,NANO - Thổ,BỘT,NHỎ GIỌT 301010 NANO,
HP.G500.H.3010PT,Phân bón NPK 30.10.10 PLATI Bột Hũ 500Gr,kg,Thành phẩm,Bột Plati,BỘT,NHỎ GIỌT 301010,
HP.G500.H.630NT,Phân bón NPK 6.30.30 NANO Hũ 500Gr,kg,Thành phẩm,NANO - Thổ,BỘT,NHỎ GIỌT 63030,
HP.G500.H.630PT,Phân bón NPK 6.30.30 PLATI Hũ 500Gr,kg,Thành phẩm,Bột Plati,BỘT,NHỎ GIỌT 63030,
HP.G500.H.9646NT,Phân bón NPK 9.6.46 NANO Hũ 500Gr,kg,Thành phẩm,NANO - Thổ,BỘT,NHỎ GIỌT 9646,
HP.G500.H.9646PT,Phân bón NPK 9.6.46 PLATI Hũ 500Gr,kg,Thành phẩm,Bột Plati,BỘT,NHỎ GIỌT 9646,
HP.G500.H.PT50BPD,Phân bón KACAL BO PLATI (Potas) Hũ 500gr,kg,Thành phẩm,Bột Plati,BỘT,POTAS ĐỨC BỘT TP,
HP.G500.T.4.1055IY,Phân bón NPK 10.55.10 Bột Ý túi 500Gr,kg,Thành phẩm,Bột Ý,BỘT,NHỎ GIỌT 105510 Ý,
HP.G500.T.5.1060PT,Phân bón NPK 10.60.10 PLATI Bột túi 500gr ( hộp 1kg),kg,Thành phẩm,Bột Plati,BỘT,NHỎ GIỌT 106010,
HP.G500.T.5.1161NT,Phân bón NPK 11.61.11 NANO Bột túi 500gr ( hộp 1kg),kg,Thành phẩm,NANO - Thổ,BỘT,NHỎ GIỌT 116111 500GR,
HP.G500.T.5.1330NT,Phân bón NPK 13.30.18 NANO Bột túi 500gr ( hộp 1kg),kg,Thành phẩm,NANO - Thổ,BỘT,NHỎ GIỌT 133018,
HP.G500.T.5.1717PK,Phân bón NPK 17.17.17 HQ 500gr,kg,Thành phẩm,Hàn Quốc,BỘT,NHỎ GIỌT 171717,
HP.G500.T.5.1830NT,Phân bón NPK 18.30.18 NANO Bột túi 500gr ( hộp 1kg),kg,Thành phẩm,NANO - Thổ,BỘT,NHỎ GIỌT 183018,
HP.G500.T.5.1830PC,Phân bón NPK 18.30.18 PLATI Bột túi 500gr ( hộp 1kg),kg,Thành phẩm,Bột Plati,BỘT,NHỎ GIỌT 183018,
HP.G500.T.5.1919PA,Phân bón NPK 19.19.19 PLATI Bột túi 500Gr,kg,Thành phẩm,Bột Plati,BỘT,NHỎ GIỌT 191919,
HP.G500.T.5.PT50BPD,Phân bón Kali Sulphat CSV Potas 50 túi 500gr ( hộp 1kg),kg,Thành phẩm,Đức,BỘT,POTAS ĐỨC BỘT TP,
HP.G500.T.4.2121IY,Phân bón NPK 21.21.21 Bột Ý túi 500Gr,kg,Thành phẩm,Bột Ý,BỘT,NHỎ GIỌT 212121 Ý,
HP.G500.T.5.2121PT,Phân bón NPK 21.21.21 PLATI Bột túi 500gr ( hộp 1kg),kg,Thành phẩm,Bột Plati,BỘT,NHỎ GIỌT 212121,
HP.G500.T.4.3010IY,Phân bón NPK 30.10.10 Bột Ý túi 500Gr,kg,Thành phẩm,Bột Ý,BỘT,NHỎ GIỌT 301010 Ý,
HP.G500.T.5.3010NT,Phân bón NPK 30.10.10 NANO Bột túi 500gr ( hộp 1kg),kg,Thành phẩm,NANO - Thổ,BỘT,NHỎ GIỌT 301010,
HP.G500.T.5.3010PT,Phân bón NPK 30.10.10 PLATI Bột túi 500Gr,kg,Thành phẩm,Bột Plati,BỘT,NHỎ GIỌT 301010,
HP.G500.T.4.630IY,Phân bón NPK 6.30.30 Bột Ý túi 500Gr,kg,Thành phẩm,Bột Ý,BỘT,NHỎ GIỌT 63030 Ý,
HP.G500.T.5.630PT,Phân bón NPK 6.30.30 PLATI Bột túi 500gr ( hộp 1kg),kg,Thành phẩm,Bột Plati,BỘT,NHỎ GIỌT 63030,
HP.G500.T.4.9646IY,Phân bón NPK 9.6.46 Bột Ý túi 500Gr,kg,Thành phẩm,Bột Ý,BỘT,NHỎ GIỌT 9646 Ý,
HP.G500.T.5.9646PT,Phân bón NPK 9.6.46 PLATI Túi 500gr,kg,Thành phẩm,Bột Plati,BỘT,NHỎ GIỌT 9646,
HP.G500.T.6.1060PT,Phân bón NPK 10.60.10 PLATI Bột 500gr/hộp Đỏ,kg,Thành phẩm,Bột Plati,BỘT,NHỎ GIỌT 106010,
HP.K15.X.1919PA,Phân bón NPK 19.19.19 PLATI Bột 15kg XÔ,kg,Thành phẩm,Bột Plati,BỘT,NHỎ GIỌT 191919,
HP.K15.X.3010PT,Phân bón NPK 30.10.10 PLATI Bột XÔ 15kg,kg,Thành phẩm,Bột Plati,BỘT,NHỎ GIỌT 301010,
HP.K1.H.1055IY,Phân bón NPK 10.55.10 Bột Ý Hũ 1kg,kg,Thành phẩm,Bột Ý,BỘT,NHỎ GIỌT 105510 Ý,
HP.K1.T.1527PK,Phân bón NPK 15.5.27 HQ 1Kg,kg,Thành phẩm,Hàn Quốc,BỘT,NHỎ GIỌT 15527 HQ,
HP.K1.T.1717PK,Phân bón NPK 17.17.17 HQ 1Kg,kg,Thành phẩm,Hàn Quốc,BỘT,NHỎ GIỌT 171717,
HP.K1.T.1919PA,Phân bón NPK 19.19.19 PLATI Bột hộp 1kg,kg,Thành phẩm,Bột Plati,BỘT,NHỎ GIỌT 191919,
HP.K1.T.2121PT,Phân bón NPK 21.21.21 PLATI Bột hộp 1kg,kg,Thành phẩm,Bột Plati,BỘT,NHỎ GIỌT 212121,
HP.K1.T.3010PT,Phân bón NPK 30.10.10 PLATI Bột túi 1kg,kg,Thành phẩm,Bột Plati,BỘT,NHỎ GIỌT 301010,
HP.K1.T.630PT,Phân bón NPK 6.30.30 PLATI Bột hộp 1kg,kg,Thành phẩm,Bột Plati,BỘT,NHỎ GIỌT 63030,
HP.K1.T.9646PT,Phân bón NPK 9.6.46 PLATI hộp 1Kg,kg,Thành phẩm,Bột Plati,BỘT,NHỎ GIỌT 9646,
HP.K1.T.KNO3PT,Phân bón KALI NITRATE KNO3 túi 1kg,kg,Thành phẩm,Thổ,BỘT,KNO3,
HP.K1.T.PT50BPD,Phân bón Kali Sulphat CSV Potas 50 túi 1kg,kg,Thành phẩm,Bột,BỘT,POTAS ĐỨC BỘT TP,
HP.K20.B.1919PA,Phân bón NPK 19.19.19 PLATI Bột VL bao 20kg,kg,Thành phẩm,Ấn -Plati,BỘT,NHỎ GIỌT 191919,
HP.K25.B.CA.1919PA,Phân bón NPK 19.19.19 PLATI Bột 25kg bao cam,kg,Thành phẩm,Bột Plati,BỘT,NHỎ GIỌT 191919,
HP.K2.T.PT50BPD,Phân bón Kali Sulphat CSV Potas 50 túi 2kg,kg,Thành phẩm,Bột,BỘT,POTAS ĐỨC BỘT TP,
HPZ.G100.H.CBBRT,Phân bón Trung vi lượng SEMI Hũ 100gr,kg,Thành phẩm,Thổ,BỘT,COMBI THÁI,
HPZ.G100.T.CBBRT,Combi crop Bột túi 100gr,kg,Thành phẩm,Thổ,BỘT,COMBI BỘT,
HPZ.G150.H.ZNRT,Phân bón ZNMN kẽm Mangan Hũ 150gr,kg,Thành phẩm,Thổ,BỘT,KẼM ZNMN,
HPZ.G250.T.ZNRT,Phân bón ZNMN kẽm Mangan Bột túi 250gr,kg,Thành phẩm,Thổ,BỘT,KẼM ZNMN,
HPZ.G25.T.ZNRT,Phân bón ZNMN kẽm Mangan Bột túi 25gr,kg,Thành phẩm,Thổ,BỘT,KẼM ZNMN,
HPZ.G500.T.5.ZNRT,Phân bón ZNMN kẽm Mangan NANO Bột túi 500gr( hộp 1kg),kg,Thành phẩm,NANO - Thổ,BỘT,KẼM ZNMN,
HPZ.G50.T.ZNRT,Phân bón ZNMN kẽm Mangan Bột túi 50gr,kg,Thành phẩm,Thổ,BỘT,KẼM ZNMN,
HPZ.K5.T.CBBRL,Combi crop Bột Thái túi 5kg,kg,Thành phẩm,Thái - Bột,BỘT,COMBI THÁI TÚI 5KG,
L.L10.X.RLT,Phân bón Bio Nanoroot Xô 10 lít,Lít,Hàng hóa,0,LỎNG,ROOT xô 10L,
L.M20.G.FLT,Fulvic 30 20ml,Lít,Hàng hóa,0,LỎNG,FULVIC 30 20ML,
L.M20.G.RLT,Phân bón Amino Root 20ml,Lít,Hàng hóa,0,LỎNG,ROOT 20ML,
L.M25.G.AMILT,AminoMax 25ml,Lít,Hàng hóa,0,LỎNG,Amino45 25ML,
L.M40.G.FLT,fulvic 30 40ml,Lít,Hàng hóa,0,LỎNG,FULVIC 30 40ML,
L.M40.G.RLT,Amino ROOT 40ml,Lít,Hàng hóa,0,LỎNG,ROOT 40ML,
L.M50.G.FLT,Fulvic 30 50ml,Lít,Hàng hóa,0,LỎNG,FULVIC 30 50ML,
SMH.K1.T.9.MKPSB,Phân bón MKP túi 1kg,kg,Thành phẩm,Bột,BỘT,MKP,
SMH.K25.B.CC.2015FSC,Phân bón NPK 20.20.15 Fulvic CON CỪU 25Kg,kg,Thành phẩm,Fulvic,NPK,NPK 202015 FULVIC,
SMH.K25.B.CC.2015GSC,Phân bón NPK 20.20.15 Xanh CON CỪU 25kg,kg,Thành phẩm,Xanh,NPK,NPK 202015 XANH,
SMH.K25.B.CC.3010BPRVSC,Phân bón NPK 30.10.10 Xanh Preme Cừu 25kg,kg,Thành phẩm,Xanh,NPK,NPK 301010 XANH PREME,
SMH.K25.B.CN.CXSC,Phân bón Canxibo Nitrat hạt vàng bao Calnit 25kg,kg,Thành phẩm,Trung Quốc,NPK,CANXIBO NITRAT Calnit,
SMH.K25.B.CX.3010BPRVSC,Phân bón NPK 30.10.10 Xanh Preme Thạch 25kg,kg,Thành phẩm,Xanh,NPK,NPK 301010 XANH PREME,
SMH.K25.B.GA.155PSC,Phân bón NPK 15.5.25 Tím Gà 25kg,kg,Thành phẩm,Tím,NPK,NPK 15525 TÍM,
SMH.K25.B.GA.1616SN,Phân bón NPK 16.16.16 Xanh GÀ 25kg,kg,Thành phẩm,Xanh,NPK,NPK 161616 NGA,
SMH.K25.B.GA.1919FSC,Phân bón NPK 19.19.19 Fulvic Gà 25kg,kg,Thành phẩm,Fulvic - MOP,NPK,NPK 191919 FULVIC MOP,
SMH.K25.B.GA.3010BPRVSC,Phân bón NPK 30.10.10 Xanh Preme GÀ 25kg,kg,Thành phẩm,Xanh,NPK,NPK 301010 XANH PREME,
SMH.K25.B.GAU.1217SN,Phân bón NPK 12.12.17 Nga Xanh Gấu 25kg,kg,Thành phẩm,Xanh,NPK,NPK 121217 NGA,
SMH.K25.B.GAU.1217WSN,Phân bón NPK 12.12.17 Nga Trắng Gấu 25kg,kg,Thành phẩm,Trắng,NPK,NPK 121217 NGA TRẮNG,
SMH.K25.B.GAU.1324SN,Phân bón NPK 13.13.24 Nga Xanh Gấu 25kg,kg,Thành phẩm,Xanh,NPK,NPK 131324 Nga,
SMH.K25.B.GAU.1616SN,Phân bón NPK 16.16.16 Xanh GẤU 25kg,kg,Thành phẩm,Xanh,NPK,NPK 161616 NGA,
SMH.K25.B.GAU.1616WSN,Phân bón NPK 16.16.16 Trắng GẤU 25kg,kg,Thành phẩm,Trắng,NPK,NPK 161616 NGA TRẮNG,
SMH.K25.B.GB.155PSC,Phân bón NPK 15.5.25 Tím GB 25kg,kg,Thành phẩm,Tím,NPK,NPK 15525 TÍM,
SMH.K25.B.GB.168SN,Phân bón NPK 16.16.8 Nga GB 25kg,kg,Thành phẩm,Nâu hồng,NPK,NPK 16168 Nga,
SMH.K25.B.GB.1919FSC,Phân bón NPK 19.19.19 Fulvic GB 25kg,kg,Thành phẩm,Fulvic - MOP,NPK,NPK 191919 FULVIC,
SMH.K25.B.GB.1919FSSC,Phân bón NPK 19.19.19 K2SO4 Fulvic GB 25kg,kg,Thành phẩm,Fulvic,NPK,NPK 191919 FULVIC,
SMH.K25.B.GB.1919GSC,Phân bón NPK 19.19.19 Xanh GB 25kg,kg,Thành phẩm,Xanh,NPK,NPK 191919 XANH,
SMH.K25.B.GB.2010GSSC,Phân bón NPK 20.10.10 K2SO4 xanh GB 25kg,kg,Thành phẩm,Xanh,NPK,NPK 2010 SOP XANH,
SMH.K25.B.GB.2015GSC,Phân bón NPK 20.20.15 Xanh GB 25kg,kg,Thành phẩm,Xanh,NPK,NPK 202015 XANH,
SMH.K25.B.GB.2015GTSC,Phân bón NPK 20.20.15 Xanh Tan100 GB 25kg,kg,Thành phẩm,Xanh,NPK,NPK 202015 XANH TAN,
SMH.K25.B.GB.255GSC,Phân bón NPK 25.5.5 Xanh GB 25kg,kg,Thành phẩm,Xanh,NPK,NPK 2555,
SMH.K25.B.GB.3010BSC,Phân bón NPK 30.10.10 Xanh GB 25kg,kg,Thành phẩm,Xanh,NPK,NPK 301010 XANH,
SMH.K25.B.GB.3010BTSC,Phân bón NPK 30.10.10 Xanh Tan100 GB 25kg,kg,Thành phẩm,Xanh,NPK,NPK 301010 XANH TAN,
SMH.K25.B.GB.3010WSC,Phân bón NPK 30.10.10 Trắng GB 25kg,kg,Thành phẩm,Trắng,NPK,NPK 301010 TRẮNG,
SMH.K25.B.TH.155PSC,Phân bón NPK 15.5.25 Tím Bồ câu 25kg,kg,Thành phẩm,Tím,NPK,NPK 15525 TÍM,
SMH.K25.B.HT.3010BPRVSC,Phân bón NPK 30.10.10 Xanh Preme HT 25kg,kg,Thành phẩm,Xanh,NPK,NPK 301010 XANH,
SMH.K25.B.LC.155PSC,Phân bón NPK 15.5.25 Tím LC 25kg,kg,Thành phẩm,Tím,NPK,NPK 15525 TÍM,
SMH.K25.B.LC.1919GSC,Phân bón NPK 19.19.19 Xanh LC 25kg,kg,Thành phẩm,Xanh,NPK,NPK 191919 XANH,
SMH.K25.B.LC.2015GSC,Phân bón NPK 20.20.15 Xanh LC 25kg,kg,Thành phẩm,Xanh,NPK,NPK 202015 XANH,
SMH.K25.B.LC.3010BTSC,Phân bón NPK 30.10.10 Xanh Tan100 LC 25kg ,kg,Thành phẩm,Xanh,NPK,NPK 301010 XANH TAN,
SMH.K25.B.LH.1515WSSC,Phân bón NPK 15.15.15 K2S04 Trắng LH 25kg,kg,Thành phẩm,Trắng,NPK,NPK 151515 SOP TRẮNG,
SMH.K25.B.LH.1515WSTSC,Phân bón NPK 15.15.15 K2S04 Trắng Tan100 LH 25kg,kg,Thành phẩm,Trắng,NPK,NPK 151515 SOP TRẮNG TAN,
SMH.K25.B.LH.1919FSC,Phân bón NPK 19.19.19 Fulvic LH 25kg,kg,Thành phẩm,Fulvic - MOP,NPK,NPK 191919 FULVIC MOP,
SMH.K25.B.LH.1919FSSC,Phân bón NPK 19.19.19 K2SO4 Fulvic LH 25kg,kg,Thành phẩm,Fulvic,NPK,NPK 191919 FULVIC,
SMH.K25.B.LH.1919GSC,Phân bón NPK 19.19.19 Xanh LH 25kg,kg,Thành phẩm,Xanh,NPK,NPK 191919 XANH,
SMH.K25.B.LH.2010GSSC,Phân bón NPK 20.10.10 K2SO4 xanh LH 25kg,kg,Thành phẩm,Xanh,NPK,NPK 2010 SOP XANH,
SMH.K25.B.LH.2015GPRVSC,Phân bón NPK 20.20.15 Xanh Preme LH 25kg,kg,Thành phẩm,Xanh,NPK,NPK 202015 XANH PREME,
SMH.K25.B.LH.2015GSC,Phân bón NPK 20.20.15 Xanh LH 25kg,kg,Thành phẩm,Xanh,NPK,NPK 202015 XANH,
SMH.K25.B.LH.3010BPRVSC,Phân bón NPK 30.10.10 Xanh Preme LH 25kg,kg,Thành phẩm,Xanh,NPK,NPK 301010 XANH PREME,
SMH.K25.B.LH.3010BSC,Phân bón NPK 30.10.10 Xanh LH 25kg,kg,Thành phẩm,Xanh,NPK,NPK 301010 XANH,
SMH.K25.B.LH.3010BTSC,Phân bón NPK 30.10.10 Xanh Tan100 LH 25kg,kg,Thành phẩm,Xanh,NPK,NPK 301010 XANH TAN,
SMH.K25.B.LO.1515WSSC,Phân bón NPK 15.15.15 K2S04 Trắng KL 25kg,kg,Thành phẩm,Trắng,NPK,NPK 151515 SOP TRẮNG,
SMH.K25.B.LO.1515WSTSC,Phân bón NPK 15.15.15 K2S04 Trắng Tan100 KL 25kg,kg,Thành phẩm,Trắng,NPK,NPK 151515 SOP TRẮNG TAN,
SMH.K25.B.LO.155PSC,Phân bón NPK 15.5.25 Tím KL 25kg,kg,Thành phẩm,Tím,NPK,NPK 15525 TÍM,
SMH.K25.B.LO.1919GSC,Phân bón NPK 19.19.19 Xanh KL 25kg,kg,Thành phẩm,Xanh,NPK,NPK 191919 XANH,
SMH.K25.B.LO.3010BPRVSC,Phân bón NPK 30.10.10 Xanh Preme KL 25kg,kg,Thành phẩm,Xanh,NPK,NPK 301010 XANH PREME,
SMH.K25.B.LO.3010BSC,Phân bón NPK 30.10.10 Xanh KL 25kg,kg,Thành phẩm,Xanh,NPK,NPK 301010 XANH,
SMH.K25.B.ND1.PT50BSD,Phân bón Potas 50 Bột Đức tan 100% bao nâu đỏ 25kg,kg,Thành phẩm,Đức,BỘT,POTAS ĐỨC BỘT TAN,
SMH.K25.B.ND.PT50BSD,Phân bón Potas 50 Bột Đức hữu cơ bao nâu đỏ 25kg,kg,Thành phẩm,Đức,BỘT,POTAS ĐỨC BỘT HC,
SMH.K25.B.ND.PT50VSD,Phân bón Potas 50 Viên Đức bao nâu đỏ 25kg,kg,Thành phẩm,Đức - Viên,NPK,POTAS ĐỨC VIÊN,
SMH.K25.B.NQ.3010BPRVSC,Phân bón NPK 30.10.10 Xanh Preme NQ 25kg,kg,Thành phẩm,Xanh,NPK,NPK 301010 XANH PREME,
SMH.K25.B.P.PT50BSD,Phân bón Potas 50 Bột Đức bao xanh Plus 25kg,kg,Thành phẩm,Đức,BỘT,POTAS ĐỨC BỘT TAN,
SMH.K25.B.P.PT50VSD,Phân bón Potas 50 Viên Đức bao xanh Plus 25kg,kg,Thành phẩm,Đức - Viên,NPK,POTAS ĐỨC VIÊN,
SMH.K25.B.TH.3010BPRVSC,Phân bón NPK 30.10.10 Xanh Preme Thiện 25kg,kg,Thành phẩm,Xanh,NPK,NPK 301010 XANH PREME,
SMH.K25.B.TX.PT50BSD,Phân bón Potas 50 Bột Đức bao trắng xanh 25kg,kg,Thành phẩm,Đức,BỘT,POTAS ĐỨC BỘT TAN,
SMH.K25.B.USA.155PSC,Phân bón NPK 15.5.25 Tím USA 25kg,kg,Thành phẩm,Tím,NPK,NPK 15525 TÍM,
SMH.K25.B.USA.1919GSC,Phân bón NPK 19.19.19 Xanh GERMAN 25kg,kg,Thành phẩm,Xanh,NPK,NPK 191919 XANH,
SMH.K25.B.USA.3010BSC,Phân bón NPK 30.10.10 Xanh USA 25kg,kg,Thành phẩm,Xanh,NPK,NPK 301010 XANH,
SMH.K25.B.USA.3010BTSC,Phân bón NPK 30.10.10 Xanh Tan100 USA 25kg,kg,Thành phẩm,Xanh,NPK,NPK 301010 XANH TAN,
SMH.K40.B.GB.177GSC,Phân bón NPK 17.7.17 Xanh GB 40kg,kg,Thành phẩm,Xanh,NPK,NPK 177 XANH,
SMH.K40.B.GB.2015GSC,Phân bón NPK 20.20.15 Xanh GB 40kg,kg,Thành phẩm,Xanh,NPK,NPK 202015 XANH,
SMH.K40.B.HT.2015GPRVSC,Phân bón NPK 20.20.15 Xanh Preme HT 40kg,kg,Thành phẩm,Xanh,NPK,NPK 202015 XANH PREME,
SMH.K40.B.LC.2015GSC,Phân bón NPK 20.20.15 Xanh LC 40kg,kg,Thành phẩm,Xanh,NPK,NPK 202015 XANH,
SMH.K40.B.LH.2015GPRVSC,Phân bón NPK 20.20.15 Xanh Preme LH 40kg,kg,Thành phẩm,Xanh,NPK,NPK 202015 XANH PREME,
SMH.K40.B.PI.2015GSC,Phân bón NPK 20.20.15 Xanh PIONEER 40kg,kg,Thành phẩm,Xanh,NPK,NPK 202015 XANH,
SMH.K50.B.VL.168SN,Phân bón NPK 16.16.8 Nga VL 50kg,kg,Thành phẩm,Nâu hồng,NPK,NPK 16168 Nga,
SMH.K50.B.VL.2015GPRVSC,Phân bón NPK 20.20.15 Xanh Preme 50kg,kg,Thành phẩm,Xanh,NPK,NPK 202015 XANH PREME,
SMH.K50.B.VL.2015GSC,Phân bón NPK 20.20.15 Xanh 50kg,kg,Thành phẩm,Xanh,NPK,NPK 202015 XANH,
SMO.K1.T.523SH,Phân bón Hữu cơ 5.2.3 65OM túi 1kg,kg,Thành phẩm,Hữu cơ,HỮU CƠ,HC 523,
SMO.K25.B.523SH,Phân bón Hữu Cơ 5.2.3 Zin 25kg,kg,Thành phẩm,Châu Âu,HỮU CƠ,HC 523 ZIN,
SMO.K25.B.GAB.80SB,Phân bón CSV 80OM GA Bỉ 25kg,kg,Thành phẩm,Châu Âu,HỮU CƠ,HC 80,
SMO.K25.B.GT.80SB,Phân bón CSV 80OM G.Tây 25kg,kg,Thành phẩm,Hữu cơ,HỮU CƠ,HC 80,
SMO.K25.B.HT.80SB,Phân bón CSV 80OM Đại Bàng 25kg,kg,Thành phẩm,Hữu cơ,HỮU CƠ,HC 80,
SMO.K25.B.TD.80SB,Phân bón CSV 80OM  T.Đỏ 25kg,kg,Thành phẩm,Hữu cơ,HỮU CƠ,HC 80,
SMO.K25.B.TG.80SB,Phân bón CSV 80OM  T.Đức 25kg,kg,Thành phẩm,Hữu cơ,HỮU CƠ,HC 80,
SMO.K25.B.TX.80SB,Phân bón CSV 80OM T.Xanh 25kg,kg,Thành phẩm,Hữu cơ,HỮU CƠ,HC 80,
SMO.K40.B.HT.523SH,Phân bón Hữu Cơ 5.2.3 HT 40kg,kg,Thành phẩm,Châu Âu,HỮU CƠ,HC 523,
ZHF.K20.B.1515HT,Phân bón NPK Nhật Mỹ 15.15.15 (Thiên Di) 20kg,kg,Hàng hóa,Hàn Quốc - nhả chậm,NPK,NPK 151515 TD,
ZHF.K20.B.NP.912HK,Phân chim biển (Organic Max) bao NP 20Kg,kg,Hàng hóa,Hàn Quốc,HỮU CƠ,HC 912 NÔNG PHÁT,
ZHF.K20.B.RC.SILICHK,Phân bón trung lượng Silver Toad RC 20kg,kg,Hàng hóa,Hàn Quốc,HỮU CƠ,SILICATE,
ZHF.K20.B.RM.912HK,Phân chim biển (Root Max HQ) 20 Kg (Organic Max),kg,Hàng hóa,Hàn Quốc,HỮU CƠ,HC 912 ROOT MAX,
ZHF.K20.B.TD.2010HK,Phân bón Agrolife NPK 20.10.10 + TE (Thiên Di) 20kg,kg,Hàng hóa,Nhã Chậm,NPK,NPK 201010 TD,
ZSMO.K25.B.75SB,Phân bón hữu cơ 75OM ZIN,kg,Hàng hóa,Châu Âu,HỮU CƠ,HC 75 ZIN,
ZSMO.K25.B.82SH,Phân bón hữu cơ 82OM Zin Hà Lan,kg,Hàng hóa,Châu Âu,HỮU CƠ,HC 82 ZIN HL,
ZSMO.K25.B.DO.86SB,Phân bón hữu cơ 86OM Bỉ ZIN Nội Tạng bao dơi,kg,Hàng hóa,Châu Âu,HỮU CƠ,HC 86 ZIN BỈ ĐỎ,
SMH.K25.B.NQ.2015GSC,Phân bón NPK 20.20.15 Xanh NQ 25kg,kg,Thành phẩm,Xanh,NPK,NPK 202015 XANH,
SMH.K10.B.2015FSC,Nguyên Liệu NPK 20.20.15 Fulvic,kg,Nguyên liệu,Fulvic - MOP,NPK,NPK 202015 FULVIC,
SMH.K25.B.LO.155PTSC,Phân bón NPK 15.5.25 Tím Tan100 KL 25kg,kg,Thành phẩm,Tím,NPK,NPK 15525 TÍM TAN,
SMH.K25.B.GB.155PTSC,Phân bón NPK 15.5.25 Tím Tan100 GB 25kg,kg,Thành phẩm,Tím,NPK,NPK 15525 TÍM TAN,
SMH.K25.B.LC.155PTSC,Phân bón NPK 15.5.25 Tím Tan100 LC 25kg,kg,Thành phẩm,Tím,NPK,NPK 15525 TÍM TAN,
ZSMO.K25.B.XL.86SB,Phân bón hữu cơ 86OM Bỉ ZIN Nội Tạng bao xanh lá,kg,Hàng hóa,Châu Âu,HỮU CƠ,HC 86 ZIN BỈ XANH,
SMH.K15.X.1919PRSC,Phân bón NPK 19.19.19 PREME bột XÔ 15kg,kg,Thành phẩm,Bột Preme,BỘT,PREME NHỎ GIỌT 191919,
SMH.K25.B.NQ.2015GPRVSC,Phân bón NPK 20.20.15 Xanh Preme NQ 25kg,kg,Thành phẩm,Xanh,NPK,NPK 202015 XANH PREME,
SMH.K25.B.TH.155PTSC,Phân bón NPK 15.5.25 Tím Tan100 Bồ câu 25kg,kg,Thành phẩm,Tím,NPK,NPK 15525 TÍM TAN,
HP.G100.T.9646IY,Phân bón NPK 9.6.46 Bột Ý túi 100Gr,kg,Thành phẩm,Bột Ý,BỘT,NHỎ GIỌT 9646 Ý,
SMH.K25.B.GA.2015GSC,Phân bón NPK 20.20.15 Xanh GÀ 25kg,kg,Thành phẩm,Xanh,NPK,NPK 202015 XANH,
SMH.K25.B.GA.3010BTSC,Phân bón NPK 30.10.10 Xanh Tan100 GÀ 25kg,kg,Thành phẩm,Xanh,NPK,NPK 301010 XANH TAN,
SMH.K25.B.HT.3010BTSC,Phân bón NPK 30.10.10 Xanh Tan100 HT 25kg,kg,Thành phẩm,Xanh,NPK,NPK 301010 XANH TAN,
SMH.K25.B.TH.2010GSSC,Phân bón NPK 20.10.10 K2SO4 xanh Bồ câu 25kg,kg,Thành phẩm,Xanh,NPK,NPK 2010 SOP XANH,
ZL.L1.C.CKULT,Phân bón Crack Win (UNI) nhãn Canibok 1L,Lít,Hàng hóa,0,LỎNG,CRACK WIN THỔ 1L,
ZL.M500.C.W.CSVULT,Phân bón Bio CSV Trắng (UNI) 500ml,Lít,Hàng hóa,0,LỎNG,BIO CSV - UNI 500ML,
ZL.M500.C.AMIULT,Phân bón AMINOMAX (UNI) 500ml,Lít,Hàng hóa,0,LỎNG,Amino45 500ML,
SMH.K25.B.GA.1616WSN,Phân bón NPK 16.16.16 Trắng GÀ 25kg,kg,Thành phẩm,Trắng,NPK,NPK 161616 NGA TRẮNG,
SMH.K25.B.GA.2015FSC,Phân bón NPK 20.20.15 Fulvic GÀ 25kg,kg,Thành phẩm,Fulvic,NPK,NPK 202015 FULVIC,
ZL.M250.C.CSVULT,Phân bón Bio CSV (UNI) 250ml,Lít,Hàng hóa,0,LỎNG,BIO CSV - UNI 250ML,
SMO.K25.B.GAG.80SB,Phân bón CSV 80OM Gà Đức 25kg,kg,Thành phẩm,Hữu cơ,HỮU CƠ,HC 80,
HP.K1.T.1.1060PT,Phân bón NPK 10.60.10 PLATI Bột hộp 1kg,kg,Thành phẩm,Bột Plati,BỘT,NPK 10.60.10 PLATI Bột,
HP.K20.B.1060PT,Phân bón NPK 10.60.10 PLATI  bột VL bao 20kg,kg,Thành phẩm,Bột Plati,BỘT,NPK 10.60.10 PLATI Bột,
HP.G500.T.5.HH.1060PT,Phân bón NPK 10.60.10 Hoàng Hà Túi 500gr,kg,Thành phẩm,Bột Plati,BỘT,NHỎ GIỌT 106010,
HP.G500.H.SH.1060PT,Phân bón NPK 10.60.10 SH Hũ 0.5kg,kg,Thành phẩm,Bột Plati,BỘT,NPK 10.60.10 PLATI Hũ,
HP.G500.T.5.1060NT,Phân bón NPK 10.60.10 NANO túi 500gr (hộp 1kg),kg,Thành phẩm,NANO - Thổ,BỘT,NPK 10.60.10 NANO Bột,
HP.K1.T.Z.1060NT,Phân bón NPK 10.60.10 NANO túi ZIP 1kg,kg,Thành phẩm,NANO - Thổ,BỘT,NPK 10.60.10 NANO Bột,
HP.K1.T.1060PT,Phân bón NPK 10.60.10 PLATI Bột Thổ túi 1Kg,kg,Thành phẩm,Bột Plati,BỘT,NPK 10.60.10 PLATI Bột,
HP.K1.T.1161NT,Phân bón NPK 11.61.11 NANO hộp 1kg,kg,Thành phẩm,NANO - Thổ,BỘT,NPK 10.60.10 NANO Bột,
ZHP.K25.B.1217NT,Phân bón NPK 12.12.17 NANO Bột Thổ bao 25kg,kg,Hàng hóa,NANO - Thổ,BỘT,NPK 12.12.17 NANO,
HP.K1.T.1330PC,Phân bón NPK 13.30.18 PLATI Bột hộp 1kg,kg,Thành phẩm,Bột Plati,BỘT,NPK 13.30.18 PLATI Bột,
HP.G100.T.1330PC,Phân bón NPK 13.30.18 PLATI Bột túi 100gr,kg,Thành phẩm,Bột Plati,BỘT,NPK 13.30.18 PLATI Bột,
HP.G250.T.1330PC,Phân bón NPK 13.30.18 PLATI Bột túi 250gr,kg,Thành phẩm,Bột Plati,BỘT,NPK 13.30.18 PLATI Bột,
HP.G500.T.5.1330PC,Phân bón NPK 13.30.18 PLATI Bột túi 500gr ( hộp 1kg),kg,Thành phẩm,0,BỘT,NPK 13.30.18 PLATI Bột,
HP.K15.X.1330NT,Phân bón NPK 13.30.18 NANO 15kg XÔ,kg,Thành phẩm,NANO - Thổ,BỘT,NPK 13.30.18 NANO Bột,
HP.K15.X.1330PC,Phân bón NPK 13.30.18 PLATI Bột XÔ 15kg,kg,Thành phẩm,Bột Plati,BỘT,NPK 13.30.18 PLATI Bột,
ZHP.K10.B.1717PK,Phân bón NPK 17.17.17 HQ10Kg,kg,Hàng hóa,0,BỘT,NPK 17.17.17 HQ,
HP.G100.T.1830PC,Phân bón NPK 18.30.18 PLATI Bột túi 100gr,kg,Thành phẩm,Bột Plati,BỘT,NPK 18.30.18 PLATI Bột,
HP.G250.T.1830PC,Phân bón NPK 18.30.18 PLATI Bột túi 250gr,kg,Thành phẩm,Bột Plati,BỘT,NPK 18.30.18 PLATI Bột,
HP.G500.H.1830PC,Phân bón NPK 18.30.18 PLATI Hũ 500Gr,kg,Thành phẩm,Bột Plati,BỘT,NPK 18.30.18 PLATI Bột,
HP.K1.T.1830PC,Phân bón NPK 18.30.18 PLATI Bột hộp 1kg,kg,Thành phẩm,Bột Plati,BỘT,NPK 18.30.18 PLATI Bột,
HP.G500.H.1830NT,Phân bón NPK 18.30.18 NANO Hũ 500Gr,kg,Thành phẩm,NANO - Thổ,BỘT,NPK 18.30.18 NANO Bột,
ZHP.K25.B.1830NT,Phân bón NPK 18.30.18 NANO Bột 25kg,kg,Hàng hóa,NANO - Thổ,BỘT,NPK 18.30.18 NANO Bột,
ZHP.K5.T.1830NT,Phân bón NPK 18.30.18 NANO 5kg,kg,Hàng hóa,NANO - Thổ,BỘT,NPK 18.30.18 NANO Bột,
HP.K15.X.1830PT,Phân bón NPK 18.30.18 PLATI Bột XÔ 15kg,kg,Thành phẩm,Bột Plati,BỘT,NPK 19.19.19 PLATI Bột,
HP.G500.T.5.1919PRPC,Phân bón NPK 19.19.19 PREME Bột túi 500gr ( hộp 1kg),kg,Thành phẩm,0,BỘT,PREME NHỎ GIỌT 191919,
HP.G500.H.1919PA,Phân bón NPK 19.19.19 PLATI Bột Hũ 500gr,kg,Thành phẩm,Bột Plati,BỘT,NPK 19.19.19 PLATI Bột,
HP.G500.H.HH.1919PA,Phân bón NPK 19.19.19 Hoàng Hà Hũ 500Gr,kg,Thành phẩm,0,BỘT,NPK 19.19.19 PLATI Bột,
HP.K20.X.1919PA,Phân bón NPK 19.19.19 PLATI Bột xô 20kg,kg,Thành phẩm,Bột Plati,BỘT,NPK 19.19.19 PLATI Bột,
HP.K5.T.1919PA,Phân bón NPK 19.19.19 PLATI Bột túi 5kg,kg,Thành phẩm,Bột Plati,BỘT,NPK 19.19.19 PLATI Bột,
HP.G500.T.5.1919NT,Phân bón NPK 19.19.19 NANO Bột túi 500gr ( hộp 1kg),kg,Thành phẩm,NANO - Thổ,BỘT,NPK 19.19.19 NANO Bột,
ZHP.K1.T.1919NT,Phân bón NPK 19.19.19 NANO Bột 1kg,kg,Hàng hóa,NANO - Thổ,BỘT,NPK 19.19.19 NANO Bột,
ZHP.K25.B.1919NT,Phân bón NPK 19.19.19 NANO Bột Thổ bao 25kg,kg,Hàng hóa,NANO - Thổ,BỘT,NPK 19.19.19 NANO Bột,
ZHP.G500.T.1919PT,Phân bón NPK 19.19.19 PLATI Bột Thổ Túi 500Gr,kg,Hàng hóa,Bột Plati,BỘT,NPK 19.19.19 PLATI Bột,
ZHP.K1.T.1919PT,Phân bón NPK 19.19.19 PLATI Bột Túi 1Kg,kg,Hàng hóa,Bột Plati,BỘT,NPK 19.19.19 PLATI Bột,
ZHP.K25.B.1919PT,Phân bón NPK 19.19.19 PLATI Bột Thổ Bao 25kg,kg,Hàng hóa,Bột Plati,BỘT,NPK 19.19.19 PLATI Bột,
HP.G250.T.2121PT,Phân bón NPK 21.21.21  PLATI Bột túi 250gr,kg,Thành phẩm,Bột Plati,BỘT,NPK 21.21.21 PLATI Bột,
HP.K1.T.EX.2121PT,Phân bón NPK 21.21.21 PLATI Bột Thổ túi Extra 1kg,kg,Thành phẩm,Bột Plati,BỘT,NPK 21.21.21 PLATI Bột,
HP.G500.T.5.2121DT,Phân bón NPK 21.21.21 DMPP Bột túi 500gr ( hộp 1kg),kg,Thành phẩm,Thổ,BỘT,NHỎ GIỌT 212121 DMPP,
ZHP.K25.B.2121NT,Phân bón NPK 21.21.21 NANO Bột 25kg,kg,Hàng hóa,NANO - Thổ,BỘT,NPK 21.21.21 NANO Bột,
HP.K5.T.2121PT,Phân bón NPK 21.21.21 PLATI Bột túi 5kg,kg,Thành phẩm,Bột Plati,BỘT,NPK 21.21.21 PLATI Bột,
HP.K25.B.3010PA,Phân bón NPK 30.10.10 PLATI Bột Ấn bao 25kg,kg,Thành phẩm,0,BỘT,NPK 30.10.10 PLATI Bột,
ZHP.K25.B.W.3010WPA,Phân bón NPK 30.10.10 PLATI Bột  Ấn bao 25Kg,kg,Hàng hóa,Ấn -Plati,BỘT,NPK 30.10.10 PLATI Bột,
HP.K20.B.630PT,Phân bón NPK 6.30.30 PLATI Bột 20kg,kg,Thành phẩm,Bột Plati,BỘT,NPK 6.30.30 PLATI Bột,
HP.G500.H.630IY,Phân bón NPK 6.30.30 Bột Ý Hũ 500Gr,kg,Thành phẩm,Bột Ý,BỘT,NPK 6.30.30 Bột Ý,
HP.G500.T.5.630DT,Phân bón NPK 6.30.30 DMPP Bột túi 500gr ( hộp 1kg),kg,Thành phẩm,Thổ,BỘT,NHỎ GIỌT 63030 DMPP,
HP.K20.B.9646PT,Phân bón NPK 9.6.46 PLATI Vl bao 20kg,kg,Thành phẩm,Bột Plati,BỘT,NPK 9.6.46 PLATI hộp,
HP.G250.T.9646IY,Phân bón NPK 9.6.46 Bột Ý túi 250Gr - Đáy đứng,kg,Thành phẩm,Bột Ý,BỘT,NPK 9.6.46 Bột Ý,
HP.G500.H.9646IY,Phân bón NPK 9.6.46 Bột Ý Hũ 500Gr,kg,Thành phẩm,Bột Ý,BỘT,NPK 9.6.46 Bột Ý,
HP.G250.T.9646NT,Phân bón NPK 9.6.46  NANO Túi 250gr,kg,Thành phẩm,NANO - Thổ,BỘT,NPK 9.6.46 NANO,
HP.G500.T.5.9646NT,Phân bón NPK 9.6.46 NANO Túi 500gr,kg,Thành phẩm,NANO - Thổ,BỘT,NPK 9.6.46 NANO,
HP.K1.T.1.9646NT,Phân bón NPK 9.6.46 NANO hộp 1Kg,kg,Thành phẩm,NANO - Thổ,BỘT,NPK 9.6.46 NANO,
ZHP.K25.B.9646NT,Phân bón NPK 9.6.46 NANO bột Thổ bao 25kg,kg,Hàng hóa,NANO - Thổ,BỘT,NPK 9.6.46 NANO,
ZHP.K5.T.9646NT,Phân bón NPK 9.6.46 NANO 5kg,kg,Hàng hóa,NANO - Thổ,BỘT,NPK 9.6.46 NANO,
HPZ.G150.H.CBBRT,Phân bón Trung vi lượng ENJOY Hũ 150gr,kg,Thành phẩm,Thổ,BỘT,Combi crop,
HPZ.G25.H.CBBRT,Phân bón Trung vi lượng Combi Crop Hũ 25gr,kg,Thành phẩm,Thổ,BỘT,Combi crop,
HPZ.G25.T.CBBRT,Trung vi lượng COMBI bột 25gr,kg,Thành phẩm,0,BỘT,Combi crop,
HPZ.K5.T.CBBRT,Combi crop Bột túi 5kg,kg,Thành phẩm,Thổ,BỘT,Combi crop,
HPC.G150.H.CBCRT,Phân bón Combi Cốm ENJOY Hũ 150gr,kg,Thành phẩm,Thổ - Cốm,BỘT,Combi crop,
HPC.G100.T.CBCRT,Phân bón Trung vi lượng Combi Cốm túi 100gr,kg,Thành phẩm,Thổ - Cốm,BỘT,Trung vi lượng Cốm,
HPZ.G2.5.T.CBBRT,Combi crop Bột túi 2.5gr,kg,Thành phẩm,0,BỘT,Combi crop,
HPZ.G25.T.1.CBBRT,Combi crop Bột túi 25gr,kg,Thành phẩm,Bột,BỘT,Combi crop,
HPC.G250.T.CBBRT,Combi crop Bột túi 250gr,kg,Thành phẩm,0,BỘT,Combi crop,
HPZ.G25.T.XL.CBBRT,Combi crop Bột túi 25gr túi bạc xanh lá,kg,Thành phẩm,Bột,BỘT,Combi crop,
HPZ.G100.H.CBBRL,Phân bón Trung vi lượng SEMI Thái Hũ 100gr,kg,Thành phẩm,Thái - Bột,BỘT,Trung vi lượng SEMI,
HPZ.G25.T.CBBRL,Combi crop Bột Thái túi 25gr,kg,Thành phẩm,0,BỘT,Combi crop,
HPZ.K20.B.CBBRL,Phân bón trung vi lượng Combi crop Bột Thái bao 20kg,kg,Thành phẩm,Thái - Bột,BỘT,Combi crop,
HPZ.K5.X.CBBRL,Combi crop Bột Thái xô 5kg,kg,Thành phẩm,Thái - Bột,BỘT,Combi crop,
HPC.K1.T.CBBRT,Combi crop bột 1kg,kg,Hàng hóa,0,BỘT,Combi crop,
ZHPZ.K25.B.CBBRT,Phân bón trung vi lượng Combi crop Bột Thổ bao 25kg,kg,Hàng hóa,Thổ - Bột,BỘT,Combi crop,
ZHP.K25.B.HMPT,Phân bón BIO-HUMAT bao 25kg,kg,Hàng hóa,Thổ,BỘT,BIO-HUMAT,
HP.G500.T.PT50BPD,Phân bón Kali Sulphat CSV Potas 50 túi 500Gr,kg,Thành phẩm,Thổ,BỘT,Kali Sulphat CSV Potas,
HP.K5.T.PT50BPD,Phân bón Kali Sulphat CSV Potas 50 túi 5kg,kg,Thành phẩm,Bột,BỘT,Kali Sulphat CSV Potas,
HPZ.G100.T.ZNRT,Phân bón ZNMN kẽm Mangan Bột túi 100gr,kg,Thành phẩm,Thổ,BỘT,ZNMN kẽm Mangan Bột,
SMH.K10.B.1217SC,Nguyên liệu 12.12.17 tháp cao,kg,Nguyên liệu,Trung Quốc,NPK,NPK 12.12.17,
SMH.K10.B.1515GSC,Nguyên Liệu NPK 15.15.15+TE,kg,Nguyên liệu,Xanh,NPK,NPK 15.15.15,
SMH.K10.B.1515GSSC,Nguyên Liệu NPK 15.15.15 K2S04,kg,Nguyên liệu,Xanh,NPK,NPK 15.15.15 K2S04,
SMH.K10.B.1515WSSC,Nguyên liệu 15.15.15  K2SO4 Trắng,kg,Nguyên liệu,Trắng,NPK,NPK 15.15.15  K2SO4 Trắng,
SMH.K10.B.155WSC,Nguyên Liệu NPK 15.5.25+TE Trắng,kg,Nguyên liệu,Trắng,NPK,NPK 15.5.25 Trắng,
SMH.T1.B.1616SN,Phân bón SGX NPK 16.16.16 Xanh Nga,kg,Nguyên liệu,Xanh,NPK,NPK 161616 NGA XANH,
SMH.K10.B.168WSC,Nguyên Liệu NPK 16.16.8 +TE Tháp cao,kg,Nguyên liệu,Trắng,NPK,NPK 16.16.8,
SMH.K10.B.1717GSC,Nguyên liệu 17.17.17 KCL,kg,Nguyên liệu,Xanh,NPK,NPK 17.17.17 KCL,
SMH.K10.B.1717GSSC,Nguyên liệu 17.17.17+TE K2SO4 Xanh,kg,Nguyên liệu,Xanh,NPK,NPK 17.17.17 K2SO4 Xanh,
SMH.K10.B.T100.1717GSTSC,Nguyên liệu NPK 17.17.17 K2SO4 xanh tan 100%,kg,Nguyên liệu,Xanh,NPK,NPK 17.17.17 K2SO4 Xanh TAN 100,
SMH.K10.B.1717WSSC,Nguyên liệu 17.17.17+TE K2SO4 Trắng,kg,Nguyên liệu,Trắng,NPK,NPK 17.17.17 K2SO4 Trắng,
SMH.K10.B.177GSC,Nguyên liệu 17.7.17+MgO+TE Tháp cao,kg,Nguyên liệu,Xanh,NPK,NPK 17.7.17 KCL,
SMH.K10.B.178FSC,Nguyên Liệu NPK 17.8.25  +TE Fulvic,kg,Nguyên liệu,Fulvic,NPK,NPK 17.8.25 Fulvic,
SMH.K10.B.178GSC,Nguyên Liệu NPK 17.8.25  +TE,kg,Nguyên liệu,Xanh,NPK,NPK 17.8.25 ,
SMH.K10.B.178GSSC,Nguyên Liệu NPK 17.8.25 kalisunphat  +TE,kg,Nguyên liệu,Xanh,NPK,NPK 17.8.25 K2SO4,
SMH.K10.B.1919FSSC,Nguyên liệu NPK 19.19.19 Fulvic,kg,Nguyên liệu,Fulvic,NPK,NPK 19.19.19 Fulvic K2SO4,
SMH.K10.B.1919PSC,Nguyên liệu NPK19.19.19 màu tím,kg,Nguyên liệu,Tím,NPK,NPK 19.19.19+TE,
SMH.K10.B.1919GSSC,Nguyên liệu NPK 19.19.19 K2SO4 xanh,kg,Nguyên liệu,Xanh,NPK,NPK 19.19.19 K2SO4 xanh,
SMH.K10.B.2010BSC,Nguyên Liệu NPK 20.10.10 XANH,kg,Nguyên liệu,Xanh,NPK,NPK 20.10.10 ,
SMH.K10.B.2010PSC,Nguyên Liệu NPK 20.10.10 Tím,kg,Nguyên liệu,Tím,NPK, NPK 20.10.10,
SMH.K25.B.2010SN,Phân bón SGX NPK 20.10.10 Nga,kg,Nguyên liệu,0,NPK,NPK 20.10.10 Nga,
SMH.K10.B.T100.2010GSTSC,Nguyên liệu 20.10.10+TE K2SO4 Xanh tan 100%,kg,Nguyên liệu,Xanh,NPK, NPK 20.10.10+TE K2SO4 Xanh TAN 100,
SMH.K10.B.2010WSSC,Nguyên liệu 20.10.10+TE K2SO4 Trắng,kg,Nguyên liệu,Trắng,NPK, NPK 20.10.10+TE K2SO4 ,
SMH.K10.B.T100.2010WSTSC,Nguyên liệu 20.10.10+TE K2SO4 Trắng tan 100%,kg,Nguyên liệu,Trắng,NPK, NPK 20.10.10+TE K2SO4 TRẮNG TAN 100,
SMH.K10.B.2015GPRVSC,Nguyên Liệu NPK 20.20.15 K TE,kg,Nguyên liệu,Xanh,NPK,NPK 20.20.15 PREME,
SMH.K10.B.T100.2015GTSC,Nguyên Liệu NPK 20.20.15+TE Chuẩn 95 tan 100%,kg,Nguyên liệu,Xanh,NPK,NPK 20.20.15+TE Chuẩn 95 tan 100%,
SMH.K10.B.2015PSC,Nguyên Liệu NPK 20.20.15+TE Tím,kg,Nguyên liệu,Tím,NPK,NPK 20.20.15+TE,
SMH.K10.B.255GSC,Nguyên Liệu NPK  25.5.5 +TE,kg,Nguyên liệu,Xanh,NPK,NPK  25.5.5,
SMH.K10.B.255PSC,Nguyên Liệu NPK  25.5.5 +TE,kg,Nguyên liệu,Tím,NPK,NPK  25.5.5,
SMH.K10.B.3010BSC,Nguyên Liệu NPK 30.10.10+TE,kg,Nguyên liệu,Xanh,NPK,NPK 30.10.10,
SMH.K10.B.3010PSC,Nguyên Liệu NPK 30.10.10 Tím,kg,Nguyên liệu,TÍm,NPK,NPK 30.10.10,
SMH.K10.B.3010WSC,Nguyên Liệu NPK 30.10.10+TE Trắng,kg,Nguyên liệu,Trắng,NPK,NPK 30.10.10,
ZSMH.K25.B.KNO3ST,Phân bón KALI NITRATE KNO3 Thổ bao ZIN 25kg,kg,Hàng hóa,Thổ,NPK,KALI NITRATE KNO3,
SMH.K40.B.GB.1515GSC,Phân bón NPK 15.15.15 Xanh GB 40kg,kg,Thành phẩm,Xanh,NPK, NPK 15.15.15,
SMH.K25.B.LO.1515GSC,Phân bón NPK 15.15.15 Xanh KL 25kg,kg,Thành phẩm,Xanh,NPK, NPK 15.15.15,
SMH.K25.B.LO.1515GSSC,Phân bón NPK 15.15.15 K2S04 xanh KL 25kg,kg,Thành phẩm,Xanh,NPK,NPK 15.15.15 K2S04,
SMH.K25.B.LH.1515GSSC,Phân bón NPK 15.15.15 K2S04 xanh LH 25kg,kg,Thành phẩm,Xanh,NPK,NPK 15.15.15 K2S04,
SMH.K40.B.GB.1515WSSC,Phân bón NPK 15.15.15 K2S04 Trắng GB 40kg,kg,Thành phẩm,Trắng,NPK,NPK 15.15.15 K2S04,
SMH.K25.B.LC.155GSC,Phân bón NPK 15.5.25 Xanh LC 25kg,kg,Thành phẩm,Xanh,NPK,NPK 15.5.25,
SMH.K25.B.LH.155PSC,Phân bón NPK 15.5.25 Tím LH 25kg,kg,Thành phẩm,Tím,NPK,NPK 15525 TÍM,
SMH.K25.B.NQ.155PSC,Phân bón NPK 15.5.25 Tím NQ 25kg,kg,Thành phẩm,Tím,NPK,NPK 15525 TÍM,
SMH.K25.B.TH.155WSC,Phân bón NPK 15.5.25 Trắng Bồ câu 25kg,kg,Thành phẩm,Trắng,NPK,NPK 15.5.25 Trắng,
SMH.K25.B.GA.155WSC,Phân bón NPK 15.5.25 Trắng Gà 25kg,kg,Thành phẩm,Trắng,NPK,NPK 15.5.25 Trắng,
SMH.K25.B.GB.155WSC,Phân bón NPK 15.5.25 Trắng GB 25kg,kg,Thành phẩm,Trắng,NPK,NPK 15.5.25 Trắng,
SMH.K25.B.LO.155WSC,Phân bón NPK 15.5.25 Trắng KL 25kg,kg,Thành phẩm,Trắng,NPK,NPK 15.5.25 Trắng,
SMH.K25.B.LC.155WSC,Phân bón NPK 15.5.25 Trắng LC 25kg,kg,Thành phẩm,Trắng,NPK,NPK 15.5.25 Trắng,
SMH.K25.B.USA.155WSC,Phân bón NPK 15.5.25 Trắng USA 25kg,kg,Thành phẩm,Trắng,NPK,NPK 15.5.25 Trắng,
SMH.K50.B.GB.168SN,Phân bón NPK 16.16.8 Nga GB 50kg,kg,Thành phẩm,Nâu hồng,NPK,NPK 16.16.8,
SMH.K50.B.VL.168WSC,Phân bón NPK 16.16.8 Tháp cao VL 50kg,kg,Thành phẩm,Trắng,NPK,NPK 16.16.8,
SMH.K25.B.GB.168WSC,Phân bón NPK 16.16.8 Tháp cao GB 25kg,kg,Thành phẩm,Trắng,NPK,NPK 16.16.8,
SMH.K50.B.GB.168WSC,Phân bón NPK 16.16.8 Tháp cao GB 50kg,kg,Thành phẩm,Trắng,NPK,NPK 16.16.8,
SMH.K50.B.1717GSC,Phân bón NPK 17.17.17 KCL 50Kg,kg,Thành phẩm,Xanh,NPK,NPK 17.17.17 KCL,
SMH.K25.B.GA.1717GSC,Phân bón NPK 17.17.17 KCL GÀ 25kg,kg,Thành phẩm,Xanh,NPK,NPK 17.17.17 KCL,
SMH.K25.B.LH.1717GSC,Phân bón NPK 17.17.17 KCL LH 25kg,kg,Thành phẩm,Xanh,NPK,NPK 17.17.17 KCL,
SMH.K50.B.1717GSSC,Phân bón NPK 17.17.17 K2SO4 Xanh 50kg,kg,Thành phẩm,Xanh,NPK,NPK 17.17.17 K2SO4,
SMH.K25.B.GA.1717GSSC,Phân bón NPK 17.17.17 K2SO4 Xanh GÀ 25kg,kg,Thành phẩm,Xanh,NPK,NPK 17.17.17 K2SO4,
SMH.K25.B.GB.1717GSSC,Phân bón NPK 17.17.17 K2SO4 Xanh GB 25kg,kg,Thành phẩm,Xanh,NPK,NPK 17.17.17 K2SO4,
SMH.K25.B.LH.1717GSSC,Phân bón NPK 17.17.17 K2SO4 Xanh LH 25kg,kg,Thành phẩm,Xanh,NPK,NPK 17.17.17 K2SO4,
SMH.K50.B.1717WSSC,Phân bón NPK 17.17.17 K2SO4 Trắng 50kg,kg,Thành phẩm,Trắng,NPK,NPK 17.17.17 K2SO4,
SMH.K25.B.GA.1717WSSC,Phân bón NPK 17.17.17 K2SO4 Trắng GÀ 25kg,kg,Thành phẩm,Trắng,NPK,NPK 17.17.17 K2SO4,
SMH.K25.B.GB.1717WSSC,Phân bón NPK 17.17.17 K2SO4 Trắng GB 25kg,kg,Thành phẩm,Trắng,NPK,NPK 17.17.17 K2SO4,
SMH.K25.B.LH.1717WSSC,Phân bón NPK 17.17.17 K2SO4 Trắng LH 25kg,kg,Thành phẩm,Trắng,NPK,NPK 17.17.17 K2SO4,
SMH.K50.B.177GSC,Phân bón NPK 17.7.17 Xanh 50kg,kg,Thành phẩm,Xanh,NPK,NPK 17.7.17 Xanh,
SMH.K25.B.NQ.177GSC,Phân bón NPK 17.7.17 Xanh NQ 25kg,kg,Thành phẩm,Xanh,NPK,NPK 17.7.17 Xanh,
SMH.K40.B.PI.177GSC,Phân bón NPK 17.7.17 Xanh Pioner 40kg,kg,Thành phẩm,Xanh,NPK,NPK 17.7.17 Xanh,
SMH.K50.B.178FSC,Phân bón NPK 17.8.25 Fulvic 50kg,kg,Thành phẩm,Fulvic,NPK,NPK 17.8.25 Fulvic,
SMH.K25.B.GA.178FSC,Phân bón NPK 17.8.25 Fulvic GÀ 25kg,kg,Thành phẩm,Fulvic,NPK,NPK 17.8.25 Fulvic,
SMH.K25.B.GB.178FSC,Phân bón NPK 17.8.25 Fulvic GB 25kg,kg,Thành phẩm,Fulvic,NPK,NPK 17.8.25 Fulvic,
SMH.K25.B.HT.178FSC,Phân bón NPK 17.8.25 Fulvic HT 25kg,kg,Thành phẩm,Fulvic,NPK,NPK 17.8.25 Fulvic,
SMH.K25.B.LH.178FSC,Phân bón NPK 17.8.25 Fulvic LH 25kg,kg,Thành phẩm,Fulvic,NPK,NPK 17.8.25 Fulvic,
SMH.K50.B.178GSC,Phân bón NPK 17.8.25 Xanh 50kg,kg,Thành phẩm,Xanh,NPK,NPK 17.8.25,
SMH.K25.B.GB.178GSC,Phân bón NPK 17.8.25 Xanh GB 25kg,kg,Thành phẩm,Xanh,NPK,NPK 17.8.25,
SMH.K25.B.LH.178GSC,Phân bón NPK 17.8.25 Xanh LH 25kg,kg,Thành phẩm,Xanh,NPK,NPK 17.8.25,
SMH.K50.B.178GSSC,Phân bón NPK 17.8.25 Xanh K2SO4 50kg,kg,Thành phẩm,Xanh,NPK,NPK 17.8.25 K2SO4,
SMH.K25.B.GA.178GSSC,Phân bón NPK 17.8.25 Xanh K2SO4 GÀ 25kg,kg,Thành phẩm,Xanh,NPK,NPK 17.8.25 K2SO4,
SMH.K25.B.GB.178GSSC,Phân bón NPK 17.8.25 Xanh K2SO4 GB 25kg,kg,Thành phẩm,Xanh,NPK,NPK 17.8.25 K2SO4,
SMH.K25.B.HT.178GSSC,Phân bón NPK 17.8.25 Xanh K2SO4 HT 25kg,kg,Thành phẩm,Xanh,NPK,NPK 17.8.25 K2SO4,
SMH.K25.B.LH.178GSSC,Phân bón NPK 17.8.25 Xanh K2SO4 LH 25kg,kg,Thành phẩm,Xanh,NPK,NPK 17.8.25 K2SO4,
SMH.K25.B.CC.1919FSSC,Phân bón NPK 19.19.19 K2SO4 Fulvic Con Cừu 25kg,kg,Thành phẩm,Fulvic,NPK, NPK 19.19.19 K2SO4 Fulvic,
SMH.K25.B.GA.1919FSSC,Phân bón NPK 19.19.19 K2SO4 Fulvic Gà 25kg,kg,Thành phẩm,Fulvic,NPK, NPK 19.19.19 K2SO4 Fulvic,
SMH.K25.B.LO.1919FSSC,Phân bón NPK 19.19.19 K2SO4 Fulvic KL 25kg,kg,Thành phẩm,Fulvic,NPK, NPK 19.19.19 K2SO4 Fulvic,
SMH.K25.B.CC.1919FSC,Phân bón NPK 19.19.19 Fulvic Con Cừu 25kg,kg,Thành phẩm,Fulvic - MOP,NPK,NPK 19.19.19 Fulvic,
SMH.K25.B.LO.1919FSC,Phân bón NPK 19.19.19 Fulvic KL 25kg,kg,Thành phẩm,Fulvic - MOP,NPK,NPK 19.19.19 Fulvic,
SMH.K25.B.LC.1919FSC,Phân bón NPK 19.19.19 Fulvic Lá Cọ 25kg,kg,Thành phẩm,Fulvic,NPK,NPK 19.19.19 Fulvic,
SMH.K25.B.USA.1919FSC,Phân bón NPK 19.19.19 Fulvic GERMAN 25kg,kg,Thành phẩm,Fulvic,NPK,NPK 19.19.19 Fulvic,
SMH.K25.B.NQ.1919FSC,Phân bón NPK 19.19.19 Fulvic NQ 25kg,kg,Thành phẩm,Fulvic - MOP,NPK,NPK 19.19.19 Fulvic,
SMH.K25.B.RDV.1919FSC,Phân bón NPK 19.19.19 fulvic RDV,kg,Thành phẩm,Fulvic - MOP,NPK,NPK 19.19.19 Fulvic,
SMH.K25.B.LC.1919FSSC,Phân bón NPK 19.19.19 K2SO4 Fulvic Lá Cọ 25kg,kg,Thành phẩm,Fulvic,NPK, NPK 19.19.19 K2SO4 Fulvic,
SMH.K25.B.USA.1919FSSC,Phân bón NPK 19.19.19 K2SO4 Fulvic GERMAN 25kg,kg,Thành phẩm,Fulvic,NPK, NPK 19.19.19 K2SO4 Fulvic,
SMH.K25.B.GA.1919GSC,Phân bón NPK 19.19.19 Xanh GÀ 25kg,kg,Thành phẩm,Xanh,NPK, NPK 19.19.19,
SMH.K25.B.NQ.1919GSC,Phân bón NPK 19.19.19 Xanh NQ 25kg,kg,Thành phẩm,Xanh,NPK, NPK 19.19.19,
SMH.K25.B.GA.1919PSC,Phân bón NPK 19.19.19 Tím GÀ 25kg,kg,Thành phẩm,Tím,NPK, NPK 19.19.19,
SMH.K25.B.GB.1919PSC,Phân bón NPK 19.19.19 Tím GB 25kg,kg,Thành phẩm,Tím,NPK, NPK 19.19.19,
SMH.K25.B.LO.1919PSC,Phân bón NPK 19.19.19 Tím KL 25kg,kg,Thành phẩm,Tím,NPK, NPK 19.19.19,
SMH.K25.B.LH.1919PSC,Phân bón NPK 19.19.19 Tím LH 25kg,kg,Thành phẩm,Tím,NPK, NPK 19.19.19,
SMH.K25.B.NQ.1919PSC,Phân bón NPK 19.19.19 Tím NQ 25kg,kg,Thành phẩm,Tím,NPK, NPK 19.19.19,
SMH.K25.B.LC.1919PSC,Phân bón NPK 19.19.19 Tím LC 25kg,kg,Thành phẩm,Tím,NPK, NPK 19.19.19,
SMH.K25.B.USA.1919PSC,Phân bón NPK 19.19.19 Tím GERMAN 25kg,kg,Thành phẩm,Tím,NPK, NPK 19.19.19,
SMH.K25.B.CA.1919GSSC,Phân bón NPK 19.19.19 K2SO4 Cam 25kg,kg,Thành phẩm,Xanh,NPK, NPK 19.19.19 K2SO4,
SMH.K25.B.GA.1919GSSC,Phân bón NPK 19.19.19 K2SO4 Xanh Gà 25Kg,kg,Thành phẩm,Xanh,NPK, NPK 19.19.19 K2SO4,
SMH.K25.B.GB.1919GSSC,Phân bón NPK 19.19.19 K2SO4 xanh GB 25kg,kg,Thành phẩm,Xanh,NPK, NPK 19.19.19 K2SO4,
SMH.K25.B.LO.1919GSSC,Phân bón NPK 19.19.19 K2SO4 xanh KL 25kg,kg,Thành phẩm,Xanh,NPK, NPK 19.19.19 K2SO4,
SMH.K25.B.LH.1919GSSC,Phân bón NPK 19.19.19 K2SO4 xanh LH 25kg,kg,Thành phẩm,Xanh,NPK, NPK 19.19.19 K2SO4,
SMH.K25.B.NQ.1919GSSC,Phân bón NPK 19.19.19 K2SO4 xanh NQ 25kg,kg,Thành phẩm,Xanh,NPK, NPK 19.19.19 K2SO4,
SMH.K25.B.LC.1919GSSC,Phân bón NPK 19.19.19 K2SO4 xanh LC 25kg,kg,Thành phẩm,Xanh,NPK, NPK 19.19.19 K2SO4,
SMH.K25.B.USA.1919GSSC,Phân bón NPK 19.19.19 K2SO4 xanh GERMAN 25kg,kg,Thành phẩm,Xanh,NPK, NPK 19.19.19 K2SO4,
SMH.K50.B.2010BSC,Phân bón NPK 20.10.10 Xanh 50kg,kg,Thành phẩm,Xanh,NPK,NPK 20.10.10,
SMH.K25.B.GB.2010BSC,Phân bón NPK 20.10.10 Xanh GB 25Kg,kg,Thành phẩm,Xanh,NPK,NPK 20.10.10,
SMH.K25.B.LH.2010BSC,Phân bón NPK 20.10.10 Xanh LH 25Kg,kg,Thành phẩm,Xanh,NPK,NPK 20.10.10,
SMH.K25.B.LH.2010PSC,Phân bón NPK 20.10.10 Tím LH 25Kg,kg,Thành phẩm,Tím,NPK,NPK 20.10.10,
SMH.K25.B.LH.2015FSC,Phân bón NPK 20.20.15 Fulvic LH 25kg,kg,Thành phẩm,Fulvic,NPK,NPK 20.20.15 Fulvic,
SMH.K25.B.NNM.2015FSC,Phân bón NPK 20.20.15 Fulvic NNM 25kg,kg,Thành phẩm,Fulvic,NPK,NPK 20.20.15 Fulvic,
SMH.K25.B.LC.2015FSC,Phân bón NPK 20.20.15 Fulvic LC 25kg,kg,Thành phẩm,Fulvic,NPK,NPK 20.20.15 Fulvic,
SMH.K40.B.GA.2015FSC,Phân bón NPK 20.20.15 Fulvic GA 40kg,kg,Thành phẩm,Fulvic,NPK,NPK 20.20.15 Fulvic,
SMH.K50.B.CX.2015FSC,Phân bón NPK 20.20.15 Fulvic 50kg,kg,Thành phẩm,Fulvic,NPK,NPK 20.20.15 Fulvic,
SMH.K25.B.GB.2015FSC,Phân bón NPK 20.20.15 Fulvic GB 25kg,kg,Thành phẩm,Fulvic,NPK,NPK 20.20.15 Fulvic,
SMH.K40.B.GB.2015FSC,Phân bón NPK 20.20.15 Fulvic GB 40kg,kg,Thành phẩm,Fulvic,NPK,NPK 20.20.15 Fulvic,
SMH.K40.B.LH.2015FSC,Phân bón NPK 20.20.15 Fulvic LH 40kg,kg,Thành phẩm,Fulvic,NPK,NPK 20.20.15 Fulvic,
SMH.K40.B.TH.2015FSC,Phân bón NPK 20.20.15 Fulvic Thiện 40kg,kg,Thành phẩm,Fulvic,NPK,NPK 20.20.15 Fulvic,
SMH.K40.B.LC.2015FSC,Phân bón NPK 20.20.15 Fulvic LC 40kg,kg,Thành phẩm,Fulvic,NPK,NPK 20.20.15 Fulvic,
SMH.K40.B.PI.2015FSC,Phân bón NPK 20.20.15 Fulvic PIONEER 40kg,kg,Thành phẩm,Fulvic,NPK,NPK 20.20.15 Fulvic,
SMH.K40.B.GA.2015GSC,Phân bón NPK 20.20.15 Xanh GÀ 40kg,kg,Thành phẩm,Xanh,NPK, NPK 20.20.15,
SMH.K40.B.TA.2015GSC,Phân bón NPK 20.20.15 Xanh Thúy Ái 40kg,kg,Thành phẩm,Xanh,NPK, NPK 20.20.15,
SMH.K40.B.HT.2015GSC,Phân bón NPK 20.20.15 Xanh HT 40kg,kg,Thành phẩm,Xanh,NPK, NPK 20.20.15,
SMH.K40.B.LH.2015GSC,Phân bón NPK 20.20.15 Xanh LH 40kg,kg,Thành phẩm,Xanh,NPK, NPK 20.20.15,
SMH.K25.B.NM.2015GSC,Phân bón NPK 20.20.15 Xanh NNM 25kg,kg,Thành phẩm,Xanh,NPK, NPK 20.20.15,
SMH.K40.B.TH.2015GSC,Phân bón NPK 20.20.15 Xanh Thiện 40kg,kg,Thành phẩm,Xanh,NPK, NPK 20.20.15,
SMH.K50.B.2015PSC,Phân bón NPK 20.20.15 Tím 50Kg,kg,Thành phẩm,Tím,NPK, NPK 20.20.15,
SMH.K25.B.CC.2015PSC,Phân bón NPK 20.20.15 Tím CON CỪU 25kg,kg,Thành phẩm,Tím,NPK, NPK 20.20.15,
SMH.K25.B.GA.2015PSC,Phân bón NPK 20.20.15 Tím GÀ 25KG,kg,Thành phẩm,Tím,NPK, NPK 20.20.15,
SMH.K25.B.GB.2015PSC,Phân bón NPK 20.20.15 Tím GB 25kg,kg,Thành phẩm,Tím,NPK, NPK 20.20.15,
SMH.K40.B.GB.2015PSC,Phân bón NPK 20.20.15 Tím GB 40kg,kg,Thành phẩm,Tím,NPK, NPK 20.20.15,
SMH.K40.B.HT.2015PSC,Phân bón NPK 20.20.15 Tím HT 40kg,kg,Thành phẩm,Tím,NPK, NPK 20.20.15,
SMH.K25.B.LH.2015PSC,Phân bón NPK 20.20.15 Tím LH 25kg,kg,Thành phẩm,Tím,NPK, NPK 20.20.15,
SMH.K40.B.LH.2015PSC,Phân bón NPK 20.20.15 Tím LH 40kg,kg,Thành phẩm,Tím,NPK, NPK 20.20.15,
SMH.K25.B.NQ.2015PSC,Phân bón NPK 20.20.15 Tím NQ 25kg,kg,Thành phẩm,Tím,NPK, NPK 20.20.15,
SMH.K40.B.TH.2015PSC,Phân bón NPK 20.20.15 Tím Thiện 40kg,kg,Thành phẩm,Tím,NPK, NPK 20.20.15,
SMH.K25.B.LC.2015PSC,Phân bón NPK 20.20.15 Tím LC 25kg,kg,Thành phẩm,Tím,NPK, NPK 20.20.15,
SMH.K40.B.LC.2015PSC,Phân bón NPK 20.20.15 Tím LC 40kg,kg,Thành phẩm,Tím,NPK, NPK 20.20.15,
SMH.K40.B.PI.2015PSC,Phân bón NPK 20.20.15 Tím PIONEER 40kg,kg,Thành phẩm,Tím,NPK, NPK 20.20.15,
SMH.K40.B.GB.255GSC,Phân bón NPK 25.5.5 Xanh GB 40kg,kg,Thành phẩm,Xanh,NPK,NPK 25.5.5,
SMH.K25.B.LH.255GSC,Phân bón NPK 25.5.5 Xanh LH 25kg,kg,Thành phẩm,Xanh,NPK,NPK 25.5.5,
SMH.K40.B.PI.255GSC,Phân bón NPK 25.5.5 Xanh PIONEER 40kg,kg,Thành phẩm,Xanh,NPK,NPK 25.5.5,
SMH.K40.B.GB.255PSC,Phân bón NPK 25.5.5 Tím GB 40kg,kg,Thành phẩm,Tím,NPK,NPK 25.5.5,
SMH.K25.B.LH.255PSC,Phân bón NPK 25.5.5 Tím LH 25kg,kg,Thành phẩm,Tím,NPK,NPK 25.5.5,
SMH.K40.B.PI.255PSC,Phân bón NPK 25.5.5 Tím PIONEER 40kg,kg,Thành phẩm,Tím,NPK,NPK 25.5.5,
SMH.K25.B.CC.3010BSC,Phân bón NPK 30.10.10 Xanh Cừu 25kg,kg,Thành phẩm,Xanh,NPK,NPK 30.10.10,
SMH.K25.B.NU.3010BSC,Phân bón NPK 30.10.10 Xanh NUTRIFARM,kg,Thành phẩm,Xanh,NPK,NPK 30.10.10,
SMH.K25.B.GA.3010BSC,Phân bón NPK 30.10.10 Xanh GÀ 25kg,kg,Thành phẩm,Xanh,NPK,NPK 30.10.10,
SMH.K25.B.HT.3010BSC,Phân bón NPK 30.10.10 Xanh HT 25kg,kg,Thành phẩm,Xanh,NPK,NPK 30.10.10,
SMH.K25.B.NQ.3010BSC,Phân bón NPK 30.10.10 Xanh NQ 25kg,kg,Thành phẩm,Xanh,NPK,NPK 30.10.10,
SMH.K25.B.TH.3010BSC,Phân bón NPK 30.10.10 Xanh Thiện 25kg,kg,Thành phẩm,Xanh,NPK,NPK 30.10.10,
SMH.K25.B.CX.3010BSC,Phân bón NPK 30.10.10 Xanh Thạch 25kg,kg,Thành phẩm,Xanh,NPK,NPK 30.10.10,
SMH.K25.B.TC.3010BSC,Phân bón NPK 30.10.10 Xanh Trái cây TH 25kg,kg,Thành phẩm,Xanh,NPK,NPK 30.10.10,
SMH.K25.B.LC.3010BSC,Phân bón NPK 30.10.10 Xanh LC 25kg,kg,Thành phẩm,Xanh,NPK,NPK 30.10.10,
SMH.K25.B.CC.3010PSC,Phân bón NPK 30.10.10 Tím Con Cừu 25kg,kg,Thành phẩm,Tím,NPK,NPK 30.10.10,
SMH.K25.B.GA.3010PSC,Phân bón NPK 30.10.10 Tím Gà 25kg,kg,Thành phẩm,Tím,NPK,NPK 30.10.10,
SMH.K25.B.GB.3010PSC,Phân bón NPK 30.10.10 Tím GB (25kg),kg,Thành phẩm,Tím,NPK,NPK 30.10.10,
SMH.K25.B.HT.3010PSC,Phân bón NPK 30.10.10 Tím HT (25kg),kg,Thành phẩm,Tím,NPK,NPK 30.10.10,
SMH.K25.B.LO.3010PSC,Phân bón NPK 30.10.10 Tím KL (25kg),kg,Thành phẩm,Tím,NPK,NPK 30.10.10,
SMH.K25.B.LH.3010PSC,Phân bón NPK 30.10.10 Tím LH 25kg,kg,Thành phẩm,Tím,NPK,NPK 30.10.10,
SMH.K25.B.NQ.3010PSC,Phân bón NPK 30.10.10 Tím NQ 25kg,kg,Thành phẩm,Tím,NPK,NPK 30.10.10,
SMH.K25.B.TH.3010PSC,Phân bón NPK 30.10.10 Tím Thiện 25kg,kg,Thành phẩm,Tím,NPK,NPK 30.10.10,
SMH.K25.B.CX.3010PSC,Phân bón NPK 30.10.10 Tím Thạch 25kg,kg,Thành phẩm,Tím,NPK,NPK 30.10.10,
SMH.K25.B.LC.3010PSC,Phân bón NPK 30.10.10 Tím LC 25kg,kg,Thành phẩm,Tím,NPK,NPK 30.10.10,
SMH.K25.B.USA.3010PSC,Phân bón NPK 30.10.10 Tím USA (25kg),kg,Thành phẩm,Tím,NPK,NPK 30.10.10,
SMH.K25.B.CC.3010WSC,Phân bón NPK 30.10.10 Trắng Con Cừu 25kg,kg,Thành phẩm,Trắng,NPK,NPK 30.10.10,
SMH.K25.B.GA.3010WSC,Phân bón NPK 30.10.10 Trắng Gà 25kg,kg,Thành phẩm,Trắng,NPK,NPK 30.10.10,
SMH.K25.B.LO.3010WSC,Phân bón NPK 30.10.10 Trắng KL 25kg,kg,Thành phẩm,Trắng,NPK,NPK 30.10.10,
SMH.K25.B.LH.3010WSC,Phân bón NPK 30.10.10 Trắng LH 25kg,kg,Thành phẩm,Trắng,NPK,NPK 30.10.10,
SMH.K25.B.NQ.3010WSC,Phân bón NPK 30.10.10 Trắng NQ 25kg,kg,Thành phẩm,Trắng,NPK,NPK 30.10.10,
SMH.K25.B.TH.3010WSC,Phân bón NPK 30.10.10 Trắng Thiện 25kg,kg,Thành phẩm,Trắng,NPK,NPK 30.10.10,
SMH.K25.B.CX.3010WSC,Phân bón NPK 30.10.10 Trắng Thạch 25kg,kg,Thành phẩm,Trắng,NPK,NPK 30.10.10,
SMH.K25.B.LC.3010WSC,Phân bón NPK 30.10.10 Trắng LC 25kg,kg,Thành phẩm,Trắng,NPK,NPK 30.10.10,
SMH.K25.B.USA.3010WSC,Phân bón NPK 30.10.10 Trắng USA 25kg,kg,Thành phẩm,Trắng,NPK,NPK 30.10.10,
SMH.K10.T.CXSS,Phân bón Canxibo Nitrat CH Séc túi 10Kg,kg,Thành phẩm,Châu Âu,NPK,Canxibo Nitrat CH,
SMH.K10.T.CXSC,Phân bón Canxibo Nitrat túi 10Kg,kg,Thành phẩm,Trung Quốc,NPK,Canxibo Nitrat hạt vàng,
SMH.K25.B.PE.PT50BSI,Phân bón Potas 50 Bột Indonesia bao ép 25kg,kg,Thành phẩm,Indonesia,NPK,Potas 50 Bột Indonesia,
SMH.K25.B.GA.1217SSC,Phân bón NPK 12.12.17 Hóa Lỏng K2SO4 Gà 25kg,kg,Thành phẩm,Hóa Lỏng,NPK,NPK 12.12.17 Hóa Lỏng,
SMH.K25.B.GB.1217SSC,Phân bón NPK 12.12.17 Hóa Lỏng K2S04 GB 25kg,kg,Thành phẩm,Hóa Lỏng,NPK,NPK 12.12.17 Hóa Lỏng,
SMO.K25.B.TC.523SH,Phân bón Hữu Cơ 5.2.3 Trái Cây 25kg,kg,Thành phẩm,Hữu cơ,HỮU CƠ,Hữu cơ 5-2-3,
SMO.K25.B.GA.523SH,Phân bón Hữu Cơ 5.2.3 GÀ VÀNG 25kg,kg,Thành phẩm,Hữu cơ,HỮU CƠ,Hữu cơ 5-2-3,
SMO.K35.B.523SH,Phân bón Hữu Cơ 5.2.3 OM 35kg,kg,Thành phẩm,Hữu cơ,HỮU CƠ,Hữu cơ 5-2-3,
SMO.K40.B.GA.523SH,Phân bón Hữu Cơ 5.2.3 GA 40kg,kg,Thành phẩm,Hữu cơ,HỮU CƠ,Hữu cơ 5-2-3,
SMO.K25.B.TD.523SH,Phân bón Hữu Cơ 5.2.3 Trắng Đỏ 25kg,kg,Thành phẩm,Hữu cơ,HỮU CƠ,Hữu cơ 5-2-3,
SMO.K25.B.TX.523SH,Phân bón Hữu Cơ 5.2.3 Trắng Xanh 25kg,kg,Thành phẩm,Hữu cơ,HỮU CƠ,Hữu cơ 5-2-3,
SMH.K10.B.1060PRSC,Phân bón NPK 10.60.10 PREME Bột,kg,Hàng hóa,Bột Preme,BỘT,NPK 10.60.10 PREME  bột,
SMH.K20.B.1919PRSC,Phân bón NPK 19.19.19 PREME bột bao Đỏ VL 20kg,kg,Thành phẩm,Trung Quốc,BỘT,NPK 19.19.19 PREME,
SMH.K25.B.1919PRSC,Phân bón NPK 19.19.19 PREME bột bao cam 25kg,kg,Thành phẩm,Bột Preme,BỘT,NPK 19.19.19 PREME,
SMH.K10.B.3010PRSC,Phân bón NPK 30.10.10 PREME Bột,kg,Nguyên liệu,Bột Preme,BỘT,NPK 30.10.10 PREME Bột,
SMH.K15.X.3010PRSC,Phân bón NPK 30.10.10 PREME bột XÔ 15kg,kg,Thành phẩm,Bột Preme,BỘT,NPK 30.10.10 PREME Bột,
SMH.K20.B.3010PRSC,Phân bón NPK 30.10.10 PREME bột bao 20kg,kg,Thành phẩm,Bột Preme,BỘT,NPK 30.10.10 PREME Bột,
SMH.K10.B.9646PRSC,Phân bón NPK 9.6.46 PREME Bột,kg,Nguyên liệu,Bột Preme,BỘT,NPK 9.6.46 PREME Bột,
ZL.M250.C.HCULT,Phân bón BioHumic Trắng (UNI) 250ml,Lít,0,0,LỎNG,BioHumic Trắng (UNI),
ZL.M500.C.P.CSVULT,Phân bón Bio CSV Tím (UNI) 500ml,Lít,0,0,LỎNG,Bio CSV (UNI),
ZL.M500.C.CSVWFLT,Phân bón Bio CSV Trắng (TURFER) 500ml,Lít,0,0,LỎNG,Bio CSV trắng (TF),
ZL.M500.C.FLULT,Phân bón Nano Flora (UNI) 500ml,Lít,0,0,LỎNG,Bio CSV (UNI),
ZL.M500.C.P.RULT,Phân bón Bio Nanoroot (UNI) Tím 500ml,Lít,0,0,LỎNG,Bio Nanoroot (UN),
ZL.L10.X.CSVULT,Phân bón Bio CSV 10L,Lít,0,0,LỎNG,Bio CSV (UNI),
ZL.L10.X.HCULT,Phân bón BioHumic 10L,Lít,0,0,LỎNG,BioHumic,
ZL.L10.X.NCULT,Phân bón NICAL (UNI) 10L,Lít,0,0,LỎNG,NICAL (UNI),
L.L15.X.CSVLD,Phân bón Bio CSV Trắng xô 15 lít -Đức nhãn Amino,Lít,0,0,LỎNG,BIO CSV ĐỨC,
L.L15.X.HCLD,Phân bón Bio Humic Trắng xô 15 lít -Đức nhãn Root,Lít,0,0,LỎNG,BIO HUMIC ĐỨC,
ZL.L1.C.AMI1FLT,Phân bón AMINOMAX (TF) nhãn bướm 1L,Lít,0,0,LỎNG,AMINOMAX (TF),
ZL.L1.C.HCLT,BioHumic 1L,Lít,0,0,LỎNG,BioHumic,
ZL.L1.C.HCF30ULT,BioHumic NPK 1L Fulvic 30,Lít,0,0,LỎNG,BioHumic,
ZL.L1.C.RLT,Bio- Nanoroot 1 lít,Lít,0,0,LỎNG,ROOT,
ZL.L1.C.CSVLB,Phân bón Bio CSV Bỉ 1L,Lít,0,0,LỎNG, Bio CSV Bỉ,
ZL.L1.C.HCLB,Phân bón BioHumic Bỉ 1L,Lít,0,0,LỎNG,BioHumic Bỉ,
ZL.L1.C.HCFLT,Phân bón BioHumic Trắng (TF) 1L,Lít,0,0,LỎNG, BioHumic Trắng (TF),
ZL.L1.C.KF1FLT,Phân bón Key Fosfit (TF) nhãn KEYFOS 650 1L,Lít,0,0,LỎNG,Key Fosfit (TF),
ZL.L1.C.KF2FLT,Phân bón Key Fosfit (TF) nhãn AGRIPHOS 650 1L,Lít,0,0,LỎNG,Key Fosfit (TF),
ZL.L1.C.KSLLK,Phân bón Kali Silic 1L,Lít,0,0,LỎNG,Kali Silic,
ZL.L5.C1.AMIFLT,Phân bón AMINOMAX (TF) 5L,Lít,0,0,LỎNG,AMINOMAX (TF),
L.M25.G.RLT,Amino ROOT 25ml,Lít,0,0,LỎNG,ROOT,
L.M50.G.RLT,Amino ROOT 50ml,Lít,0,0,LỎNG,ROOT,
HP.G250.T.1.2121IY,Phân bón NPK 21.21.21 Bột Ý túi 250Gr - Ép biên,kg,Thành phẩm,Bột Ý,BỘT,NPK 21.21.21 Bột Ý,
HP.G250.T.1.3010IY,Phân bón NPK 30.10.10 Bột Ý túi 250Gr - Ép biên,kg,Thành phẩm,Bột Ý,BỘT,NPK 30.10.10 Bột Ý,
SMH.K25.B.GA.2015GPRVSC,Phân bón NPK 20.20.15 Xanh Preme GÀ 25kg,kg,Thành phẩm,Xanh,NPK,NPK 20.20.15 Xanh Preme,
SMH.K25.B.CC.2015GPRVSC,Phân bón NPK 20.20.15 Xanh Preme CON CỪU 25kg,kg,Thành phẩm,Xanh,NPK,NPK 20.20.15 Xanh Preme,
SMH.K40.B.GA.2015GPRVSC,Phân bón NPK 20.20.15 Xanh Preme GÀ 40kg,kg,Thành phẩm,Xanh,NPK,NPK 20.20.15 Xanh Preme,
SMH.K40.B.TH.2015GPRVSC,Phân bón NPK 20.20.15 Xanh Preme Thiện 40kg,kg,Thành phẩm,Xanh,NPK,NPK 20.20.15 Xanh Preme,
SMH.K25.B.TH.3010BTSC,Phân bón NPK 30.10.10 Xanh Tan100 Thiện 25kg,kg,Thành phẩm,Xanh,NPK,NPK 30.10.10,
HP.G100.T.630IY,Phân bón NPK 6.30.30 Bột Ý túi 100Gr,kg,Thành phẩm,Bột Ý,BỘT,NPK 6.30.30 Bột Ý,
HP.G50.T.3.1055IY,Phân bón NPK 10.55.10 Bột Ý túi 50Gr,kg,Thành phẩm,Bột Ý,BỘT,NHỎ GIỌT 105510 Ý,
HP.G50.T.3.2121IY,Phân bón NPK 21.21.21 Bột Ý túi 50Gr,kg,Thành phẩm,Bột Ý,BỘT,NPK 21.21.21 Bột Ý,
HP.G50.T.3.630IY,Phân bón NPK 6.30.30 Bột Ý túi 50Gr,kg,Thành phẩm,Bột Ý,BỘT,NPK 6.30.30 Bột Ý,
HP.G50.T.3.9646IY,Phân bón NPK 9.6.46 Bột Ý túi 50Gr,kg,Thành phẩm,Bột Ý,BỘT,NPK 9.6.46 Bột Ý,
HP.G250.T.2.2121IY,Phân bón NPK 21.21.21 Bột Ý túi 250Gr - Đáy đứng,kg,Thành phẩm,Bột Ý,BỘT,NPK 21.21.21 Bột Ý,
HP.G250.T.2.3010IY,Phân bón NPK 30.10.10 Bột Ý túi 250Gr - Đáy đứng,kg,Thành phẩm,Bột Ý,BỘT,NPK 30.10.10 Bột Ý,
HP.G250.T.630IY,Phân bón NPK 6.30.30 Bột Ý túi 250Gr - Đáy đứng,kg,Thành phẩm,Bột Ý,BỘT,NPK 6.30.30 Bột Ý,
HP.G50.T.3010IY,Phân bón NPK 30.10.10 Bột Ý túi 50Gr,kg,Thành phẩm,Bột Ý,BỘT,NPK 30.10.10 Bột Ý,
HP.K15.X.PT30CHT,Phân bón Kacal 8386 (Potas 30 Cốm) Xô 15kg,kg,Thành phẩm,0,BỘT,POTAS 30 CỐM THỔ 8386,
SMH.K20.B.3010ST,Phân bón NPK 30.10.10 Plati bột bao 20kg,kg,Thành phẩm,Bột Plati,NPK,NHỎ GIỌT 301010,
SMH.K25.B.GB.1217WSN,Phân bón NPK 12.12.17 Nga Trắng GB 25kg,kg,Thành phẩm,0,NPK,NPK 121217 NGA TRẮNG,
SMH.T1.B.1616WSN,Phân bón SGX NPK 16.16.16 Trắng Nga,kg,Thành phẩm,0,NPK,NPK 161616 NGA TRẮNG,
HP.G250.T.1.9646IY,Phân bón NPK 9.6.46 Bột Ý túi 250Gr - Ép biên,kg,Thành phẩm,Bột Ý,BỘT,NPK 9.6.46 Bột Ý,
HP.G250.T.1.630IY,Phân bón NPK 6.30.30 Bột Ý túi 250Gr - Ép biên,kg,Thành phẩm,Bột Ý,BỘT,NPK 6.30.30 Bột Ý,
HP.G250.T.2.1055IY,Phân bón NPK 10.55.10 Bột Ý túi 250Gr - Đáy đứng,kg,Thành phẩm,Bột Ý,BỘT,NHỎ GIỌT 105510 Ý,
HP.G250.T.1.1055IY,Phân bón NPK 10.55.10 Bột Ý túi 250Gr - Ép biên,kg,Thành phẩm,Bột Ý,BỘT,NHỎ GIỌT 105510 Ý,
HP.K1.H.3010IY,Phân bón NPK 30.10.10 Bột Ý Hũ 1kg,kg,Thành phẩm,Bột Ý,BỘT,NPK 30.10.10 Bột Ý,
HP.K1.H.9646IY,Phân bón NPK 9.6.46 Bột Ý Hũ 1kg,kg,Thành phẩm,Bột Ý,BỘT,NPK 9.6.46 Bột Ý,
HP.K1.H.630IY,Phân bón NPK 6.30.30 Bột Ý Hũ 1kg,kg,Thành phẩm,Bột Ý,BỘT,NPK 6.30.30 Bột Ý,
HP.K1.H.2121IY,Phân bón NPK 21.21.21 Bột Ý Hũ 1kg,kg,Thành phẩm,Bột Ý,BỘT,NPK 21.21.21 Bột Ý,